Repitition,Time,rho,SNR,n,Optimality Gap,Change Points
0,458.3153307437897,0.0,6.0,1000,0.08515337772655895,[416]
1,458.4833519458771,0.0,6.0,1000,0.06783948344458313,[489]
3,458.4950420856476,0.0,6.0,1000,0.08800513079666265,[407]
2,458.62618112564087,0.0,6.0,1000,0.08062380299441163,[568]
4,458.67685294151306,0.0,6.0,1000,0.08311674311991125,[446]
6,459.0273609161377,0.0,6.0,1000,0.10047990460608285,[661]
7,459.1292338371277,0.0,6.0,1000,0.08933316226924348,[606]
5,459.66963505744934,0.0,6.0,1000,0.06885972082150393,[500]
0,460.04562187194824,0.3,6.0,1000,0.15318556627916982,[709]
1,460.2057948112488,0.3,6.0,1000,0.12635394510695838,[559]
2,460.04276299476624,0.3,6.0,1000,0.09381376798779939,[491]
3,460.2565302848816,0.3,6.0,1000,0.14970265226604168,[261]
4,460.4345932006836,0.3,6.0,1000,0.13058811871363235,"[382, 444]"
6,460.6751661300659,0.3,6.0,1000,0.18653714463408352,[783]
7,460.90506982803345,0.3,6.0,1000,0.12294752115315404,[577]
5,461.9715893268585,0.3,6.0,1000,0.13087928535902332,"[374, 461]"
0,462.6284430027008,0.7,6.0,1000,0.16747529276728038,[499]
3,462.35596990585327,0.7,6.0,1000,0.22448941678627718,"[387, 504, 836]"
2,462.53989124298096,0.7,6.0,1000,0.2078913625402988,[418]
1,462.5597949028015,0.7,6.0,1000,0.29004563104065073,"[190, 236, 249]"
4,462.55493807792664,0.7,6.0,1000,0.28406609287981505,[736]
6,462.7427170276642,0.7,6.0,1000,0.20476574501299896,[533]
7,462.5916907787323,0.7,6.0,1000,0.3050178109925496,"[68, 850]"
5,464.2307159900665,0.7,6.0,1000,0.30185128638344594,"[144, 805, 808]"
0,463.3010380268097,0.0,3.52,1000,0.09454528269303066,[633]
3,463.43012404441833,0.0,3.52,1000,0.07750343907416964,[518]
2,463.3148019313812,0.0,3.52,1000,0.07875238267699604,[461]
1,463.49240708351135,0.0,3.52,1000,0.11120456529513227,[]
4,463.38719415664673,0.0,3.52,1000,0.10446338460764697,[645]
6,463.8530750274658,0.0,3.52,1000,0.11445074821204554,[]
7,463.7530629634857,0.0,3.52,1000,0.08990466947200998,[577]
5,465.5758957862854,0.0,3.52,1000,0.08422246694073574,[589]
0,464.4834611415863,0.3,3.52,1000,0.10311615880948505,[476]
2,464.3078787326813,0.3,3.52,1000,0.1927576617579561,[]
3,464.49538803100586,0.3,3.52,1000,0.1452161806025168,[394]
1,464.39080929756165,0.3,3.52,1000,0.09479456914490109,[499]
4,464.4702868461609,0.3,3.52,1000,0.14933637900032126,[689]
6,464.62686920166016,0.3,3.52,1000,0.1694663907502532,[850]
7,464.69942235946655,0.3,3.52,1000,0.19276703881792115,[129]
5,469.9713079929352,0.3,3.52,1000,0.10412949384083865,[514]
0,465.495728969574,0.7,3.52,1000,0.19963603463638382,[413]
2,465.69340109825134,0.7,3.52,1000,0.16663530745929767,"[119, 493]"
3,465.5166289806366,0.7,3.52,1000,0.19623885171518407,"[431, 562]"
1,465.56137108802795,0.7,3.52,1000,0.29213643388373733,[797]
4,465.6325397491455,0.7,3.52,1000,0.15813118304326254,[505]
6,465.51300716400146,0.7,3.52,1000,0.1649359908849747,[499]
7,465.6626329421997,0.7,3.52,1000,0.3044794453267414,[183]
5,475.70777702331543,0.7,3.52,1000,0.22308753386195165,"[519, 596, 599]"
0,470.3299009799957,0.0,2.07,1000,0.08661372353798108,[543]
2,470.4275848865509,0.0,2.07,1000,0.11882410221367642,[719]
3,470.48092794418335,0.0,2.07,1000,0.10004247194892811,[641]
1,470.59210205078125,0.0,2.07,1000,0.09296227061102243,[573]
4,470.23811507225037,0.0,2.07,1000,0.0910098932616468,[538]
6,470.306761264801,0.0,2.07,1000,0.12361551749426682,[]
7,470.4265983104706,0.0,2.07,1000,0.11683375852089511,[310]
5,482.5128138065338,0.0,2.07,1000,0.11770322970589465,[713]
0,471.42278695106506,0.3,2.07,1000,0.17911334488538516,"[58, 202]"
2,471.3656587600708,0.3,2.07,1000,0.16760215451489036,[203]
3,471.3732852935791,0.3,2.07,1000,0.1427209356204054,[353]
4,471.39103603363037,0.3,2.07,1000,0.12604418003480525,[519]
1,471.5190758705139,0.3,2.07,1000,0.18686054247150294,[]
6,471.8024790287018,0.3,2.07,1000,0.14188658877255605,[668]
7,472.19576478004456,0.3,2.07,1000,0.11033084962865437,[455]
5,489.8048028945923,0.3,2.07,1000,0.1794502439779351,[737]
0,473.671856880188,0.7,2.07,1000,0.27029733773724135,"[229, 232]"
3,473.50448179244995,0.7,2.07,1000,0.22352242083931667,"[299, 632]"
2,473.59658575057983,0.7,2.07,1000,0.2634678458586517,"[157, 793, 817]"
4,473.4344549179077,0.7,2.07,1000,0.20435293251583111,"[534, 567]"
1,473.51095485687256,0.7,2.07,1000,0.16672773809547142,"[453, 470]"
6,473.71257996559143,0.7,2.07,1000,0.1845749139742305,"[496, 781]"
7,475.1395421028137,0.7,2.07,1000,0.20037924896548906,"[345, 435, 542]"
5,527.5643708705902,0.7,2.07,1000,0.1746388010499465,[507]
0,490.79540491104126,0.0,1.22,1000,0.10592140024098234,[551]
2,490.9453330039978,0.0,1.22,1000,0.10796989979636573,[446]
3,491.08490324020386,0.0,1.22,1000,0.09751953759035649,[431]
4,491.00630617141724,0.0,1.22,1000,0.1236398148624437,[738]
1,491.3912389278412,0.0,1.22,1000,0.11862736388006294,[739]
6,490.6091117858887,0.0,1.22,1000,0.10222835386132882,[495]
7,493.86889028549194,0.0,1.22,1000,0.12806436859352188,"[248, 650]"
5,587.6941077709198,0.0,1.22,1000,0.11657211093614256,[360]
0,490.17166781425476,0.3,1.22,1000,0.13608041988310213,[571]
3,489.9438259601593,0.3,1.22,1000,0.15891977583583303,[751]
2,490.23404598236084,0.3,1.22,1000,0.13175405393630046,[426]
4,490.19667291641235,0.3,1.22,1000,0.1334204827824246,[593]
1,490.791109085083,0.3,1.22,1000,0.15839839061329353,[653]
6,489.90062284469604,0.3,1.22,1000,0.16320794127421262,[145]
7,495.06940388679504,0.3,1.22,1000,0.16732970496424734,[829]
5,630.7171998023987,0.3,1.22,1000,0.1576751049341691,"[128, 429, 858]"
0,486.0506970882416,0.7,1.22,1000,0.17417725078660903,[521]
3,485.9908788204193,0.7,1.22,1000,0.181068767869326,[465]
2,485.83745312690735,0.7,1.22,1000,0.1790549134176649,[499]
4,486.13025307655334,0.7,1.22,1000,0.20172194310450237,"[413, 626]"
6,485.51128602027893,0.7,1.22,1000,0.18901422713820196,[472]
1,486.44994282722473,0.7,1.22,1000,0.18758682409896407,[563]
7,495.20674991607666,0.7,1.22,1000,0.1889240493581258,[461]
5,571.9760341644287,0.7,1.22,1000,0.18759278867554788,"[448, 549]"
0,474.776575088501,0.0,0.71,1000,0.1205084403157599,[592]
3,475.1867091655731,0.0,0.71,1000,0.1362847370624383,[]
2,475.19158601760864,0.0,0.71,1000,0.11423761927551791,[578]
4,475.3725152015686,0.0,0.71,1000,0.11069786165195626,[527]
6,475.05659008026123,0.0,0.71,1000,0.13516623741679867,[]
1,475.89484190940857,0.0,0.71,1000,0.13540449008551397,[]
7,492.70221996307373,0.0,0.71,1000,0.133583450269991,[]
5,506.6678168773651,0.0,0.71,1000,0.12131188527061441,[622]
0,477.27830505371094,0.3,0.71,1000,0.13095490243407734,[573]
2,477.0744791030884,0.3,0.71,1000,0.1545351654477465,"[364, 795]"
3,477.16506004333496,0.3,0.71,1000,0.14576381598797683,[615]
4,476.90906023979187,0.3,0.71,1000,0.15220796708442275,[633]
6,476.5011739730835,0.3,0.71,1000,0.1410993767419273,[427]
1,477.2376289367676,0.3,0.71,1000,0.13040331250813852,[536]
7,498.7505841255188,0.3,0.71,1000,0.13880673208886246,[539]
5,490.393532037735,0.3,0.71,1000,0.1380422839305054,[562]
0,479.69983887672424,0.7,0.71,1000,0.2386659045852223,"[284, 744]"
3,479.8105192184448,0.7,0.71,1000,0.19197608966628624,"[58, 486]"
2,479.8961327075958,0.7,0.71,1000,0.2392746653410129,[170]
6,479.5618770122528,0.7,0.71,1000,0.19565690914235487,[507]
4,479.737193107605,0.7,0.71,1000,0.17181687543167365,[481]
1,480.95769715309143,0.7,0.71,1000,0.19153180396115388,[490]
7,535.4337887763977,0.7,0.71,1000,0.1742358138736384,[494]
5,487.50279688835144,0.7,0.71,1000,0.20452668954304185,"[30, 381, 384, 762]"
8,484.0526521205902,0.0,6.0,1000,0.1121836740803942,[245]
10,484.34438610076904,0.0,6.0,1000,0.11344214566661516,[259]
9,484.3520522117615,0.0,6.0,1000,0.09570631255654176,[612]
11,484.03993701934814,0.0,6.0,1000,0.08432376849230797,[439]
12,484.5277588367462,0.0,6.0,1000,0.08176024592913674,[548]
13,485.90522289276123,0.0,6.0,1000,0.09368490593812649,[584]
14,626.0232138633728,0.0,6.0,1000,0.09181396933705033,[607]
8,490.0995719432831,0.3,6.0,1000,0.10734420956099089,[525]
11,489.94137382507324,0.3,6.0,1000,0.09694819259184072,[511]
9,490.0642340183258,0.3,6.0,1000,0.13227603477397784,[588]
15,491.5610828399658,0.0,6.0,1000,0.0790498289813353,[452]
10,490.13331723213196,0.3,6.0,1000,0.12655960385941892,[558]
12,490.41316199302673,0.3,6.0,1000,0.1775924534305642,[264]
13,493.1979660987854,0.3,6.0,1000,0.11463249792684897,[593]
14,617.5307912826538,0.3,6.0,1000,0.12407596230163331,[397]
8,497.3377170562744,0.7,6.0,1000,0.3010218440881047,[781]
11,496.9099040031433,0.7,6.0,1000,0.2638342672614303,[679]
9,497.3225610256195,0.7,6.0,1000,0.22311716077246477,"[211, 437]"
10,497.3100092411041,0.7,6.0,1000,0.2131721670895331,"[408, 412]"
12,497.4801380634308,0.7,6.0,1000,0.16887368867607258,[]
15,498.8479468822479,0.3,6.0,1000,0.11419628187652192,[540]
13,504.2147681713104,0.7,6.0,1000,0.2587507592423698,"[274, 919]"
14,547.1255581378937,0.7,6.0,1000,0.18176184747236895,[467]
8,471.9478416442871,0.0,3.52,1000,0.10636483076171967,[637]
11,472.13364601135254,0.0,3.52,1000,0.07375843201962524,[480]
10,471.99754786491394,0.0,3.52,1000,0.09921836832626812,[659]
9,472.13806223869324,0.0,3.52,1000,0.09825864940702406,[359]
12,472.2881417274475,0.0,3.52,1000,0.09747436930697936,[672]
15,473.77433800697327,0.7,6.0,1000,0.26730672390537036,"[244, 784]"
13,481.14788794517517,0.0,3.52,1000,0.10296347962581173,[333]
14,490.0436170101166,0.0,3.52,1000,0.09830935529920516,[554]
8,469.3352918624878,0.3,3.52,1000,0.11896405392584529,"[496, 912]"
11,470.0437068939209,0.3,3.52,1000,0.09496600780693053,[500]
10,469.63742780685425,0.3,3.52,1000,0.1028730517420159,[499]
9,469.7336051464081,0.3,3.52,1000,0.1705260727967075,[830]
12,470.14229106903076,0.3,3.52,1000,0.11042256860076344,[522]
15,471.77305722236633,0.0,3.52,1000,0.08752050096822034,[420]
13,488.059876203537,0.3,3.52,1000,0.13500543503529883,"[53, 448]"
14,487.4626030921936,0.3,3.52,1000,0.14468988963180907,[390]
8,477.031925201416,0.7,3.52,1000,0.2348354083760942,"[608, 611]"
10,476.76710081100464,0.7,3.52,1000,0.2003779525298679,"[539, 542]"
11,476.8726260662079,0.7,3.52,1000,0.1936703108389944,[523]
9,476.6584827899933,0.7,3.52,1000,0.1751716556935852,"[241, 498]"
12,476.8218307495117,0.7,3.52,1000,0.21266775256111645,"[63, 394, 504]"
15,479.1236228942871,0.3,3.52,1000,0.1495758183934479,[581]
13,499.07499623298645,0.7,3.52,1000,0.2123059724146543,[639]
14,487.74342608451843,0.7,3.52,1000,0.29207315883882495,"[195, 198, 249]"
8,483.86691880226135,0.0,2.07,1000,0.10821580376510913,[645]
11,483.58985710144043,0.0,2.07,1000,0.10299401620028527,[401]
10,483.72509479522705,0.0,2.07,1000,0.11279767591751325,[612]
9,483.7160930633545,0.0,2.07,1000,0.09042121521856306,[428]
12,483.41183400154114,0.0,2.07,1000,0.09769351213369909,[402]
15,484.83523511886597,0.7,3.52,1000,0.22157857302622608,[554]
13,541.7166447639465,0.0,2.07,1000,0.08228236352421255,[553]
8,479.550244808197,0.3,2.07,1000,0.15353439468411945,[699]
14,480.8678479194641,0.0,2.07,1000,0.09837469228385963,[417]
11,479.69661116600037,0.3,2.07,1000,0.1313532005696239,[416]
10,479.66564679145813,0.3,2.07,1000,0.16092469155720238,[299]
9,479.6672101020813,0.3,2.07,1000,0.1725066677562421,[859]
12,480.3023979663849,0.3,2.07,1000,0.13579543918420137,"[339, 875]"
15,484.30960607528687,0.0,2.07,1000,0.08172741394640855,[496]
13,612.972738981247,0.3,2.07,1000,0.11505217040663615,[455]
8,491.95291113853455,0.7,2.07,1000,0.20433700886622783,"[548, 551]"
11,491.76414918899536,0.7,2.07,1000,0.24827828659598067,[310]
10,491.83933687210083,0.7,2.07,1000,0.28053593730912485,"[45, 941]"
14,492.19157886505127,0.3,2.07,1000,0.13361392913257614,[568]
9,491.96124505996704,0.7,2.07,1000,0.26661867882432244,"[260, 785]"
12,492.7244007587433,0.7,2.07,1000,0.2416643109420501,[286]
15,500.7848541736603,0.3,2.07,1000,0.11333588350550321,[475]
13,631.5418031215668,0.7,2.07,1000,0.20776870834604189,"[516, 595]"
8,487.46081590652466,0.0,1.22,1000,0.11663611242159784,[]
11,487.43659806251526,0.0,1.22,1000,0.10536972188381791,[577]
10,487.38126373291016,0.0,1.22,1000,0.11902505239755849,[670]
9,487.3219530582428,0.0,1.22,1000,0.1173223146646793,[662]
14,488.26796293258667,0.7,2.07,1000,0.2582871595808017,[295]
12,487.2385458946228,0.0,1.22,1000,0.09475755303454698,[461]
15,496.32863187789917,0.7,2.07,1000,0.17057808274959355,[487]
13,536.363657951355,0.0,1.22,1000,0.10769456524378901,[603]
8,473.37492418289185,0.3,1.22,1000,0.16016563130817243,[695]
10,473.24563813209534,0.3,1.22,1000,0.18994200026636598,[145]
11,473.5187051296234,0.3,1.22,1000,0.15865718317252175,[768]
9,473.31273913383484,0.3,1.22,1000,0.15300448619863535,[674]
14,473.7549147605896,0.0,1.22,1000,0.11759925721495225,[753]
12,473.6259560585022,0.3,1.22,1000,0.15903008842854266,[165]
15,497.02265906333923,0.0,1.22,1000,0.10199452984893757,[602]
13,499.44584703445435,0.3,1.22,1000,0.1386394303675771,[393]
8,480.09908509254456,0.7,1.22,1000,0.1978147379594677,[451]
10,480.0010550022125,0.7,1.22,1000,0.17274196694609167,[521]
11,480.1064887046814,0.7,1.22,1000,0.18734261835950375,"[22, 491]"
9,480.19491600990295,0.7,1.22,1000,0.2234904681703709,"[609, 616]"
14,480.53582787513733,0.3,1.22,1000,0.13603709433757952,[535]
12,479.9769148826599,0.7,1.22,1000,0.17054226671755204,[506]
15,521.0662469863892,0.3,1.22,1000,0.1374808559600429,[606]
13,487.9343309402466,0.7,1.22,1000,0.1881580532259579,[475]
8,483.5007381439209,0.0,0.71,1000,0.12235212374016823,[371]
10,483.5570721626282,0.0,0.71,1000,0.127497257982599,[]
11,483.3175070285797,0.0,0.71,1000,0.10666944539268766,[443]
9,483.5695068836212,0.0,0.71,1000,0.1315355967253998,[836]
14,484.5590879917145,0.7,1.22,1000,0.19006093746285524,[504]
12,484.64983773231506,0.0,0.71,1000,0.12596516111289924,"[674, 859]"
15,589.2841110229492,0.7,1.22,1000,0.16969852875375377,[506]
13,489.3477900028229,0.0,0.71,1000,0.11120741048288275,[498]
8,486.3771069049835,0.3,0.71,1000,0.15650128820047593,"[330, 971]"
11,486.4874279499054,0.3,0.71,1000,0.14779274994083536,"[339, 628]"
10,486.74597120285034,0.3,0.71,1000,0.1706748350454826,[]
9,486.8303530216217,0.3,0.71,1000,0.16948734189068146,[258]
14,489.00036692619324,0.0,0.71,1000,0.12512662766105084,[349]
12,488.9957218170166,0.3,0.71,1000,0.16962932839568018,[]
15,621.2558031082153,0.0,0.71,1000,0.12576847245922276,[688]
8,487.1536600589752,0.7,0.71,1000,0.17880660840105767,[494]
13,487.9422981739044,0.3,0.71,1000,0.1249424340844747,[531]
11,486.81541180610657,0.7,0.71,1000,0.2193832627564904,"[184, 305, 397, 770]"
10,486.9416799545288,0.7,0.71,1000,0.2119830054209637,"[563, 630]"
9,486.8343539237976,0.7,0.71,1000,0.1748001568171033,[512]
14,488.37895011901855,0.3,0.71,1000,0.1444831001158489,[539]
12,487.9001269340515,0.7,0.71,1000,0.17810340981205575,[475]
15,569.9648790359497,0.3,0.71,1000,0.153416369664184,[822]
16,475.3821427822113,0.0,6.0,1000,0.10984967759634637,[693]
13,475.6826841831207,0.7,0.71,1000,0.19970958794293114,"[432, 580]"
17,475.505912065506,0.0,6.0,1000,0.06648127276216906,[498]
18,475.66968178749084,0.0,6.0,1000,0.10770210079530379,[279]
19,475.9255859851837,0.0,6.0,1000,0.06892736266369208,[499]
14,482.22795701026917,0.7,0.71,1000,0.17835063963683775,[476]
20,482.4672198295593,0.0,6.0,1000,0.11108303338480689,"[395, 960]"
15,502.5803608894348,0.7,0.71,1000,0.18603170634278063,[533]
16,470.0113799571991,0.3,6.0,1000,0.1844398090100742,[693]
17,470.1483039855957,0.3,6.0,1000,0.13845636763292754,[405]
21,470.2431311607361,0.0,6.0,1000,0.07956326007497334,[529]
18,469.9125220775604,0.3,6.0,1000,0.15169892938385166,[639]
19,469.76919198036194,0.3,6.0,1000,0.10936279388088135,[528]
22,476.1369421482086,0.0,6.0,1000,0.09333234830371302,[586]
20,477.0832600593567,0.3,6.0,1000,0.1745573802364165,[781]
23,486.2153160572052,0.0,6.0,1000,0.09846924119887109,"[548, 852]"
16,470.60044503211975,0.7,6.0,1000,0.19909718008835323,[523]
21,470.3949398994446,0.3,6.0,1000,0.11021193409443657,[467]
17,470.5747277736664,0.7,6.0,1000,0.21517870205697126,"[534, 576]"
18,470.3243601322174,0.7,6.0,1000,0.19243351814323453,[469]
19,470.3667879104614,0.7,6.0,1000,0.21680177295525135,[432]
22,479.3067662715912,0.3,6.0,1000,0.1642826131674852,[233]
20,479.9951949119568,0.7,6.0,1000,0.25239710473081794,"[185, 659]"
23,478.78902077674866,0.3,6.0,1000,0.14060029810442756,[622]
16,473.13145303726196,0.0,3.52,1000,0.08256713862667167,[548]
18,473.16527104377747,0.0,3.52,1000,0.08521837659552485,[519]
17,473.2091293334961,0.0,3.52,1000,0.09055988087482925,[420]
21,473.398549079895,0.7,6.0,1000,0.24154635132237387,"[359, 393, 408, 504]"
19,473.0528450012207,0.0,3.52,1000,0.11458774882688072,[]
22,484.9078142642975,0.7,6.0,1000,0.19273783203769204,"[473, 910]"
20,487.76649594306946,0.0,3.52,1000,0.09327179462968474,[453]
16,477.9731020927429,0.3,3.52,1000,0.1002108995989795,[504]
23,479.63680601119995,0.7,6.0,1000,0.2680220904028519,"[276, 290]"
18,477.85057616233826,0.3,3.52,1000,0.0973384360004347,[501]
17,477.9606411457062,0.3,3.52,1000,0.1343170471695684,[590]
21,477.92550706863403,0.0,3.52,1000,0.11177572490621726,[336]
19,477.83067870140076,0.3,3.52,1000,0.1212242051081169,[466]
22,489.10252594947815,0.0,3.52,1000,0.09821538518083438,[581]
20,496.8891661167145,0.3,3.52,1000,0.1377753338225051,[600]
16,484.4398949146271,0.7,3.52,1000,0.17929686987421803,[499]
18,484.4942798614502,0.7,3.52,1000,0.2669029570887046,"[281, 284]"
19,484.1160521507263,0.7,3.52,1000,0.20063322093435354,[515]
17,484.43331694602966,0.7,3.52,1000,0.22007072607924186,"[385, 437]"
21,484.53944969177246,0.3,3.52,1000,0.13081074190525388,[453]
23,485.17080903053284,0.0,3.52,1000,0.09441649872381422,"[104, 545]"
22,505.82619309425354,0.3,3.52,1000,0.12402721024977947,[591]
20,524.1662337779999,0.7,3.52,1000,0.1895734867652296,"[514, 840, 850]"
16,500.0286180973053,0.0,2.07,1000,0.08509429924872344,[428]
19,500.25201320648193,0.0,2.07,1000,0.09097015848585316,[558]
18,500.2984800338745,0.0,2.07,1000,0.09632092597516353,[324]
17,500.2170641422272,0.0,2.07,1000,0.11894036678482031,[268]
21,500.76414608955383,0.7,3.52,1000,0.2591241258298548,[262]
23,501.3106617927551,0.3,3.52,1000,0.10329603539491254,[508]
22,534.6481549739838,0.7,3.52,1000,0.18034576277810527,[523]
20,575.4421629905701,0.0,2.07,1000,0.11595608548856566,[773]
16,501.5796627998352,0.3,2.07,1000,0.14128742855637505,"[12, 68, 483]"
17,501.151043176651,0.3,2.07,1000,0.12562508051378593,"[470, 994]"
19,501.3433930873871,0.3,2.07,1000,0.14588654848318183,"[296, 552]"
18,501.36229610443115,0.3,2.07,1000,0.18765906781975092,"[767, 972]"
21,501.7289333343506,0.0,2.07,1000,0.09785269901680056,[570]
23,501.82863306999207,0.7,3.52,1000,0.2710296535787202,[724]
22,579.2455191612244,0.0,2.07,1000,0.1125423444520847,[362]
20,597.942666053772,0.3,2.07,1000,0.19502781118643256,[168]
16,513.2298929691315,0.7,2.07,1000,0.27755614589924377,"[6, 144]"
17,513.3323609828949,0.7,2.07,1000,0.2708666772256377,"[112, 754, 757]"
18,513.3367459774017,0.7,2.07,1000,0.2814382057329101,[200]
19,513.4641349315643,0.7,2.07,1000,0.1909878984745482,"[319, 491]"
21,513.5360782146454,0.3,2.07,1000,0.10868314814519636,[508]
23,514.0298528671265,0.0,2.07,1000,0.09433040501719117,[502]
22,608.5732009410858,0.3,2.07,1000,0.13028750931810007,[448]
20,601.3606269359589,0.7,2.07,1000,0.1833237057967738,[512]
16,496.20027208328247,0.0,1.22,1000,0.12849018620940852,[]
17,496.54190397262573,0.0,1.22,1000,0.12070032495136004,[204]
18,496.7887828350067,0.0,1.22,1000,0.10711471552283981,[580]
19,496.7679052352905,0.0,1.22,1000,0.12084335923732946,[765]
21,497.95952796936035,0.7,2.07,1000,0.19716789207323673,"[438, 650]"
23,499.02260875701904,0.3,2.07,1000,0.12698721842526947,[419]
22,615.8863580226898,0.7,2.07,1000,0.17733100125872278,[492]
20,561.8748002052307,0.0,1.22,1000,0.10111971871425987,[459]
16,486.1556091308594,0.3,1.22,1000,0.13872530993182147,[569]
17,486.25177907943726,0.3,1.22,1000,0.1333792542231375,[418]
18,486.2671480178833,0.3,1.22,1000,0.15535552015005605,[191]
19,486.3116862773895,0.3,1.22,1000,0.10890130135888568,[499]
21,486.6995429992676,0.0,1.22,1000,0.11922258324495988,[371]
23,488.7546417713165,0.7,2.07,1000,0.2882712264902288,[901]
22,522.5968170166016,0.0,1.22,1000,0.10709047137076155,[408]
20,504.995187997818,0.3,1.22,1000,0.1380990982018124,"[232, 555, 826]"
16,474.4594762325287,0.7,1.22,1000,0.18919091883647518,[519]
17,474.7149729728699,0.7,1.22,1000,0.1825791876131833,[488]
18,474.28006410598755,0.7,1.22,1000,0.1836393927985839,[494]
19,474.3230130672455,0.7,1.22,1000,0.21155261118981697,"[447, 766, 900]"
21,475.0788719654083,0.3,1.22,1000,0.13011736262899112,[624]
23,478.71073484420776,0.0,1.22,1000,0.1135114952777173,[577]
22,493.1766059398651,0.3,1.22,1000,0.1490629804039904,[671]
20,484.2951099872589,0.7,1.22,1000,0.17332755552026696,[499]
16,470.04179215431213,0.0,0.71,1000,0.13416289157553588,[779]
18,469.6260540485382,0.0,0.71,1000,0.12631248914258109,[642]
19,469.7746880054474,0.0,0.71,1000,0.12128595826379472,[]
17,470.0273320674896,0.0,0.71,1000,0.1001554414737984,[499]
21,470.7756609916687,0.7,1.22,1000,0.1856484375242708,"[304, 508, 905]"
23,475.4035577774048,0.3,1.22,1000,0.1676974570432503,"[247, 801]"
22,479.2342472076416,0.7,1.22,1000,0.18002779627745139,[491]
20,476.4379699230194,0.0,0.71,1000,0.14025639471953702,[757]
16,469.6332309246063,0.3,0.71,1000,0.12960380595331228,[550]
18,469.3925497531891,0.3,0.71,1000,0.16891532983894367,"[108, 722]"
19,469.31155705451965,0.3,0.71,1000,0.15143514854694728,[603]
17,469.722265958786,0.3,0.71,1000,0.14303430620990681,[652]
21,469.9771218299866,0.0,0.71,1000,0.12902007353523706,"[132, 325]"
23,478.37212014198303,0.7,1.22,1000,0.19482599247918453,"[534, 566]"
20,474.6376440525055,0.3,0.71,1000,0.15021462518388917,[390]
22,475.4703538417816,0.0,0.71,1000,0.13868410396193578,[]
16,471.70969700813293,0.7,0.71,1000,0.2195596504353598,"[565, 765]"
18,471.772100687027,0.7,0.71,1000,0.1918289477010686,"[193, 484, 941]"
19,471.61419701576233,0.7,0.71,1000,0.18830190426782695,"[153, 480, 552]"
17,471.85793590545654,0.7,0.71,1000,0.1810972400255634,[488]
21,472.11351776123047,0.3,0.71,1000,0.14634878358578565,[295]
23,482.3416531085968,0.0,0.71,1000,0.12463439961177084,[274]
24,473.42779898643494,0.0,6.0,1000,0.1107565493446326,[719]
20,474.3281512260437,0.7,0.71,1000,0.17167085481963734,[510]
22,474.5382158756256,0.3,0.71,1000,0.13026817701897558,[457]
25,473.16655373573303,0.0,6.0,1000,0.07529024862510328,[456]
26,473.28542733192444,0.0,6.0,1000,0.1158948995896318,[]
27,473.55339193344116,0.0,6.0,1000,0.10556006490946784,[298]
21,473.77259492874146,0.7,0.71,1000,0.20371365477739722,"[419, 675, 766]"
23,498.46207213401794,0.3,0.71,1000,0.13284764584266268,[477]
24,481.08796191215515,0.3,6.0,1000,0.12572227129777544,[573]
28,481.30876183509827,0.0,6.0,1000,0.0721995090420819,[500]
25,480.94802021980286,0.3,6.0,1000,0.10964380377534616,[483]
26,480.9790461063385,0.3,6.0,1000,0.1923847583742912,[]
27,480.44315218925476,0.3,6.0,1000,0.14829654624792268,"[333, 744]"
22,481.7343051433563,0.7,0.71,1000,0.17958138053830178,[499]
29,481.8328478336334,0.0,6.0,1000,0.08122410975713079,[475]
23,535.7376029491425,0.7,0.71,1000,0.18106668934033113,"[357, 499]"
24,479.78186297416687,0.7,6.0,1000,0.22305887214870346,[546]
25,479.74355006217957,0.7,6.0,1000,0.2502935956693964,[692]
27,479.22465109825134,0.7,6.0,1000,0.26529306648922735,"[133, 711]"
26,479.69750714302063,0.7,6.0,1000,0.18791949632703714,"[374, 535]"
28,480.0167381763458,0.3,6.0,1000,0.14365625812626867,[633]
30,480.63286781311035,0.0,6.0,1000,0.10087275406911946,[347]
29,482.6589980125427,0.3,6.0,1000,0.15451878375175399,[633]
31,595.3978588581085,0.0,6.0,1000,0.07561939400068925,[585]
24,480.74316811561584,0.0,3.52,1000,0.0691484246632025,[462]
25,480.6011800765991,0.0,3.52,1000,0.0856642128420214,[473]
27,480.5898687839508,0.0,3.52,1000,0.12106925445481416,[]
26,480.7269959449768,0.0,3.52,1000,0.08680197870667457,[525]
28,480.9096121788025,0.7,6.0,1000,0.20541626069283084,"[435, 544]"
30,481.1840980052948,0.3,6.0,1000,0.12022446000827255,[362]
29,482.45403027534485,0.7,6.0,1000,0.15573062348425531,[494]
31,602.5316562652588,0.3,6.0,1000,0.1093548764327359,"[513, 758]"
24,482.9403758049011,0.3,3.52,1000,0.13182076755518246,[556]
27,482.98655915260315,0.3,3.52,1000,0.12697721570560383,"[114, 495, 918]"
25,483.46311688423157,0.3,3.52,1000,0.2034152554698785,[]
26,483.22474813461304,0.3,3.52,1000,0.126204286690678,"[451, 950]"
28,483.549791097641,0.0,3.52,1000,0.08719789422214627,[601]
30,485.267826795578,0.7,6.0,1000,0.25392752538767166,[315]
29,492.2779839038849,0.0,3.52,1000,0.0930221692098301,[424]
31,556.3566691875458,0.7,6.0,1000,0.18292303964176843,"[498, 942, 968]"
24,471.7763240337372,0.7,3.52,1000,0.22670923208960395,"[534, 574, 600]"
27,471.90335273742676,0.7,3.52,1000,0.2502411027506733,"[163, 326]"
25,471.59281301498413,0.7,3.52,1000,0.2727122232954048,"[250, 755]"
26,471.81747221946716,0.7,3.52,1000,0.22717525294755755,[572]
28,472.21997714042664,0.3,3.52,1000,0.1347470249615333,[630]
30,474.00549602508545,0.0,3.52,1000,0.1056449423844569,[351]
29,493.91394305229187,0.3,3.52,1000,0.08679817133419229,[521]
31,505.5228080749512,0.0,3.52,1000,0.10141659593300233,[667]
24,475.8668360710144,0.0,2.07,1000,0.11044819205631297,[356]
25,475.93461203575134,0.0,2.07,1000,0.08008776604611974,[495]
27,476.01148796081543,0.0,2.07,1000,0.10383823625015454,[]
26,476.0032639503479,0.0,2.07,1000,0.1310735596624408,[]
28,476.4436068534851,0.7,3.52,1000,0.2503519886405148,[683]
30,479.46427178382874,0.3,3.52,1000,0.13082799572797918,[582]
29,508.9056730270386,0.7,3.52,1000,0.19403438257493624,[472]
31,493.81479120254517,0.3,3.52,1000,0.14161532625362488,"[417, 960]"
24,483.97329807281494,0.3,2.07,1000,0.18143351691712226,[866]
27,483.88640689849854,0.3,2.07,1000,0.1578719799803163,[687]
25,483.9574751853943,0.3,2.07,1000,0.1830724202091832,[137]
26,484.0167751312256,0.3,2.07,1000,0.12192580437185022,[517]
28,484.2122759819031,0.0,2.07,1000,0.10845230226044114,[624]
30,487.6629183292389,0.7,3.52,1000,0.1898819910864034,[543]
29,565.1670489311218,0.0,2.07,1000,0.07966852008875015,[509]
31,484.04330682754517,0.7,3.52,1000,0.2409697542340104,"[574, 624]"
24,480.278795003891,0.7,2.07,1000,0.19814307083202595,"[358, 494]"
25,480.61311173439026,0.7,2.07,1000,0.24487022015464,[674]
27,480.73389291763306,0.7,2.07,1000,0.19825777542315529,"[534, 563]"
26,480.51470494270325,0.7,2.07,1000,0.20734494354406716,"[442, 487, 746]"
28,481.0032720565796,0.3,2.07,1000,0.12914923942087186,[591]
30,484.981018781662,0.0,2.07,1000,0.09017427112107727,[354]
29,623.309241771698,0.3,2.07,1000,0.12850142493150818,[419]
24,487.5166549682617,0.0,1.22,1000,0.10932955761177095,[370]
25,487.4814610481262,0.0,1.22,1000,0.10196298048247127,[425]
27,487.6087508201599,0.0,1.22,1000,0.09998114402405922,[451]
31,488.85886311531067,0.0,2.07,1000,0.1106363119736984,[595]
26,487.8263578414917,0.0,1.22,1000,0.09722762804181473,[534]
28,488.24810791015625,0.7,2.07,1000,0.2724280392755203,[177]
30,497.88025975227356,0.3,2.07,1000,0.15049526813872802,[362]
29,599.2877941131592,0.7,2.07,1000,0.27690061806768407,[192]
24,482.88991689682007,0.3,1.22,1000,0.16017490077562993,[413]
25,482.65199160575867,0.3,1.22,1000,0.11403610591070558,[525]
27,482.7259569168091,0.3,1.22,1000,0.16508237787604962,[643]
26,482.6550419330597,0.3,1.22,1000,0.1316851464193371,[573]
31,483.8788249492645,0.3,2.07,1000,0.16054767329865718,"[216, 682]"
28,484.3870310783386,0.0,1.22,1000,0.11432248242742166,[646]
30,496.2122962474823,0.7,2.07,1000,0.18659317783989865,[469]
29,522.0101020336151,0.0,1.22,1000,0.11931705679208776,[]
24,472.61798334121704,0.7,1.22,1000,0.2350770929060999,"[531, 574, 608, 828]"
25,472.5973298549652,0.7,1.22,1000,0.16658395255400968,"[449, 540]"
27,472.38493394851685,0.7,1.22,1000,0.1774496572888643,[486]
26,472.191752910614,0.7,1.22,1000,0.18140503902018573,[501]
31,473.01946997642517,0.7,2.07,1000,0.16547566489311824,[499]
28,472.5286498069763,0.3,1.22,1000,0.14266072206646577,"[373, 450]"
30,514.8402681350708,0.0,1.22,1000,0.09888032046189096,[562]
29,489.67781615257263,0.3,1.22,1000,0.12877974000400355,[564]
24,478.9692499637604,0.0,0.71,1000,0.12260882092232533,[298]
25,479.2575697898865,0.0,0.71,1000,0.11229164875620361,[534]
27,479.24874901771545,0.0,0.71,1000,0.10663121598730742,[359]
26,479.3247630596161,0.0,0.71,1000,0.12887218842730616,"[123, 388]"
31,481.71253299713135,0.0,1.22,1000,0.1165156784201498,[]
28,481.2886207103729,0.7,1.22,1000,0.19091784196222836,"[481, 684]"
30,580.719230890274,0.3,1.22,1000,0.14081957950624852,[368]
29,492.7198269367218,0.7,1.22,1000,0.16799355948678382,[494]
24,485.9471046924591,0.3,0.71,1000,0.161343332152678,[404]
27,486.14904713630676,0.3,0.71,1000,0.14516661519831728,[566]
25,486.41442799568176,0.3,0.71,1000,0.16266252980656098,[651]
26,486.39738607406616,0.3,0.71,1000,0.1592549162166744,"[86, 336, 683]"
31,489.4919981956482,0.3,1.22,1000,0.16916481671086678,[246]
28,489.49964213371277,0.0,0.71,1000,0.10817404443345288,[390]
30,619.8413271903992,0.7,1.22,1000,0.17483347211800437,[514]
29,488.8515429496765,0.0,0.71,1000,0.11358679087240141,[723]
24,486.58154106140137,0.7,0.71,1000,0.18133676778219696,[495]
27,486.2480082511902,0.7,0.71,1000,0.18800841742865315,[582]
25,486.54338097572327,0.7,0.71,1000,0.1759177320056989,"[472, 514]"
26,486.4253840446472,0.7,0.71,1000,0.18157448944544619,"[62, 511]"
31,488.71139001846313,0.7,1.22,1000,0.1945003638991342,[453]
28,488.53791308403015,0.3,0.71,1000,0.1480490849899179,[454]
30,581.3469829559326,0.0,0.71,1000,0.10348721214083108,[532]
29,479.50334119796753,0.3,0.71,1000,0.1661603610471514,[]
32,478.38659405708313,0.0,6.0,1000,0.08979371874122394,[420]
33,478.5483567714691,0.0,6.0,1000,0.10372678080372146,[326]
34,479.09311985969543,0.0,6.0,1000,0.10252945182429518,[327]
35,478.9564440250397,0.0,6.0,1000,0.08863750661761753,[409]
31,483.9314031600952,0.0,0.71,1000,0.13599261271373958,"[561, 991]"
28,483.22212624549866,0.7,0.71,1000,0.169690979862441,[500]
30,506.43905305862427,0.3,0.71,1000,0.17729458647599555,[]
32,470.40228295326233,0.3,6.0,1000,0.11181019838179394,[469]
29,471.24034881591797,0.7,0.71,1000,0.17030032102194242,[514]
33,470.3642921447754,0.3,6.0,1000,0.12439198774108247,"[462, 981]"
35,470.14287424087524,0.3,6.0,1000,0.112786106913314,[500]
34,470.22388982772827,0.3,6.0,1000,0.10857796592039765,[483]
31,479.29100584983826,0.3,0.71,1000,0.14245291712543512,[533]
36,479.6137101650238,0.0,6.0,1000,0.06972871967277555,[488]
30,488.72931003570557,0.7,0.71,1000,0.18489958555908467,[476]
32,474.99513030052185,0.7,6.0,1000,0.22000311688308882,"[433, 437]"
37,475.19175910949707,0.0,6.0,1000,0.122084122543977,[]
33,475.29796409606934,0.7,6.0,1000,0.2799329592496292,[316]
35,475.03399085998535,0.7,6.0,1000,0.2908154852565107,"[110, 815]"
34,475.07700204849243,0.7,6.0,1000,0.18143159953306487,[499]
31,478.117928981781,0.7,0.71,1000,0.18577331230311975,"[517, 726]"
36,478.14606285095215,0.3,6.0,1000,0.1264480106285405,"[91, 112, 464]"
38,482.76244139671326,0.0,6.0,1000,0.10246261738858405,[661]
32,473.87593603134155,0.0,3.52,1000,0.10156353460729636,[671]
37,473.3886339664459,0.3,6.0,1000,0.16186674128922945,[725]
33,473.5438141822815,0.0,3.52,1000,0.08802931654497353,[595]
34,472.993381023407,0.0,3.52,1000,0.10523282564889118,[668]
35,473.1589708328247,0.0,3.52,1000,0.10570416106624313,[332]
39,481.69938492774963,0.0,6.0,1000,0.06652587823261966,[490]
36,483.3269729614258,0.7,6.0,1000,0.22113948659398552,"[425, 678]"
38,480.91405177116394,0.3,6.0,1000,0.12371253523639375,[419]
32,477.23697996139526,0.3,3.52,1000,0.15919173100062817,[733]
34,476.93064618110657,0.3,3.52,1000,0.1681177662797408,[722]
33,477.1944069862366,0.3,3.52,1000,0.1521164546887549,"[244, 654]"
37,477.56325912475586,0.7,6.0,1000,0.2651921835854562,"[278, 707]"
35,477.37858295440674,0.3,3.52,1000,0.1716670216035718,[785]
39,480.72282910346985,0.3,6.0,1000,0.20715132672848952,[]
36,482.1276948451996,0.0,3.52,1000,0.08078408301128971,[526]
32,476.71411514282227,0.7,3.52,1000,0.1915671620146832,"[528, 535]"
38,477.8544671535492,0.7,6.0,1000,0.17918002070381553,"[506, 517]"
34,476.4273817539215,0.7,3.52,1000,0.2556568555423921,[706]
33,476.54088020324707,0.7,3.52,1000,0.20688076015236584,[446]
37,476.6908481121063,0.0,3.52,1000,0.10693950700877967,[649]
35,476.3538439273834,0.7,3.52,1000,0.1766982516587154,[515]
39,486.9567799568176,0.7,6.0,1000,0.17550582291367453,"[486, 580]"
36,492.2970838546753,0.3,3.52,1000,0.13585141624702057,[385]
32,484.9823999404907,0.0,2.07,1000,0.09572745017357635,[439]
34,484.97878909111023,0.0,2.07,1000,0.08546168804047821,[482]
33,485.04960799217224,0.0,2.07,1000,0.12250563096308845,[]
38,485.57042169570923,0.0,3.52,1000,0.11833164313244535,[]
35,485.01555705070496,0.0,2.07,1000,0.08549167893242192,[440]
37,485.1872169971466,0.3,3.52,1000,0.12465922426611803,[555]
39,506.71127104759216,0.0,3.52,1000,0.09954606250452863,"[459, 882]"
36,515.8347480297089,0.7,3.52,1000,0.19872698667732333,[442]
32,489.11628890037537,0.3,2.07,1000,0.12597569090110886,[417]
33,488.8766369819641,0.3,2.07,1000,0.15567571118436374,[267]
34,489.24178171157837,0.3,2.07,1000,0.16937199537348027,[918]
35,489.0450689792633,0.3,2.07,1000,0.14035606316949595,[588]
38,489.5718836784363,0.3,3.52,1000,0.14960658813423802,[245]
37,489.5098090171814,0.7,3.52,1000,0.18074681986948757,[465]
39,530.9289500713348,0.3,3.52,1000,0.10679338175364239,[518]
36,563.5780820846558,0.0,2.07,1000,0.10013796089101464,[373]
32,499.6144280433655,0.7,2.07,1000,0.17507778550865985,[488]
33,499.6314570903778,0.7,2.07,1000,0.19041126267961744,"[489, 863]"
34,499.7033588886261,0.7,2.07,1000,0.18344910934993836,[476]
35,499.56673192977905,0.7,2.07,1000,0.16627373144970295,[512]
38,499.98937225341797,0.7,3.52,1000,0.18571494018914664,"[533, 897]"
37,500.21100425720215,0.0,2.07,1000,0.10515936202873705,[]
39,561.821074962616,0.7,3.52,1000,0.18261262146160964,[499]
36,588.3859088420868,0.3,2.07,1000,0.1407738645629309,[593]
32,505.6349718570709,0.0,1.22,1000,0.1199149847980446,[806]
33,506.020791053772,0.0,1.22,1000,0.13395731684504844,[]
35,506.116849899292,0.0,1.22,1000,0.09424804251821493,[545]
34,506.2987570762634,0.0,1.22,1000,0.10324297769906049,[712]
38,507.4976372718811,0.0,2.07,1000,0.10047838163774098,[614]
37,507.48368787765503,0.3,2.07,1000,0.13704523635303023,[425]
39,598.9366028308868,0.0,2.07,1000,0.10384199729012897,[678]
36,584.715717792511,0.7,2.07,1000,0.17853185774363453,[478]
32,505.3966598510742,0.3,1.22,1000,0.11198574515993773,[485]
33,505.3163731098175,0.3,1.22,1000,0.15615119855030005,[301]
34,505.1724417209625,0.3,1.22,1000,0.15227944325872422,"[297, 711]"
35,505.45975494384766,0.3,1.22,1000,0.1730225961580092,[263]
38,507.38614296913147,0.3,2.07,1000,0.14014886374853794,[392]
37,507.6472911834717,0.7,2.07,1000,0.1893182458420603,[475]
39,605.920007944107,0.3,2.07,1000,0.16737934529093046,[770]
36,585.7442398071289,0.0,1.22,1000,0.12741891787450907,[655]
32,495.04520988464355,0.7,1.22,1000,0.18047581297975565,[458]
33,495.37490606307983,0.7,1.22,1000,0.19985901616547566,"[368, 602]"
34,495.903523683548,0.7,1.22,1000,0.23727483137137662,"[62, 196, 727]"
35,495.7749741077423,0.7,1.22,1000,0.16061210745281176,[499]
38,499.7565269470215,0.7,2.07,1000,0.23464579639898087,"[534, 574, 604, 608]"
37,500.47263193130493,0.0,1.22,1000,0.11225797129726453,[696]
39,552.6978311538696,0.7,2.07,1000,0.17206395403105487,"[492, 592]"
36,522.1289129257202,0.3,1.22,1000,0.14525624337030843,"[490, 649, 775]"
32,479.87050223350525,0.0,0.71,1000,0.12907649758209494,[]
33,479.82997703552246,0.0,0.71,1000,0.1266806453162002,[348]
34,479.79573607444763,0.0,0.71,1000,0.13340796356844944,[339]
35,479.94256496429443,0.0,0.71,1000,0.1181055342475096,[514]
38,483.57967877388,0.0,1.22,1000,0.11271699108038317,[444]
37,484.4944808483124,0.3,1.22,1000,0.15130989803065362,[644]
39,507.7071192264557,0.0,1.22,1000,0.07897251870493459,[506]
36,497.6596989631653,0.7,1.22,1000,0.2564472539852845,"[107, 871]"
32,472.98465728759766,0.3,0.71,1000,0.13198413674070003,[534]
33,473.07651114463806,0.3,0.71,1000,0.13429958733998854,[476]
34,472.60345816612244,0.3,0.71,1000,0.12856069814106028,[487]
35,472.5956521034241,0.3,0.71,1000,0.14589244562930284,[315]
38,475.2241630554199,0.3,1.22,1000,0.15937660751289134,[335]
37,475.58169507980347,0.7,1.22,1000,0.23562636089874897,"[149, 724]"
39,480.7171790599823,0.3,1.22,1000,0.17165213543810448,[130]
36,478.15252685546875,0.0,0.71,1000,0.1170139425706514,[522]
32,470.9409010410309,0.7,0.71,1000,0.19457051478840923,"[364, 471, 474, 578]"
34,470.7896001338959,0.7,0.71,1000,0.175250513926199,[476]
33,471.34315490722656,0.7,0.71,1000,0.1836757750769922,"[62, 422, 503]"
35,471.01682782173157,0.7,0.71,1000,0.19334166220798144,[484]
38,474.4473738670349,0.7,1.22,1000,0.18170800764890824,[494]
37,475.1107499599457,0.0,0.71,1000,0.12244111239100058,[611]
36,475.3481662273407,0.3,0.71,1000,0.14720477251548097,[292]
39,476.6117901802063,0.7,1.22,1000,0.17126502132624488,[508]
40,470.95665884017944,0.0,6.0,1000,0.08204109603077679,[591]
41,471.2323968410492,0.0,6.0,1000,0.07886384689185452,[443]
43,470.9145278930664,0.0,6.0,1000,0.07008950366329839,[498]
42,471.3590397834778,0.0,6.0,1000,0.11090691978148019,[356]
38,472.9068751335144,0.0,0.71,1000,0.11508793061023358,[444]
37,474.2891309261322,0.3,0.71,1000,0.14616559726249737,[407]
36,473.6189088821411,0.7,0.71,1000,0.18559136467482198,[469]
39,473.81035900115967,0.0,0.71,1000,0.1141643725543361,[320]
40,471.609894990921,0.3,6.0,1000,0.10196472899920078,[510]
41,471.42720890045166,0.3,6.0,1000,0.11156160239049695,[540]
43,471.31191205978394,0.3,6.0,1000,0.14367278716872847,[334]
42,471.5969910621643,0.3,6.0,1000,0.1429086363382052,[343]
38,476.40982723236084,0.3,0.71,1000,0.14835038048105956,"[179, 542, 954]"
37,477.9425709247589,0.7,0.71,1000,0.177525430330269,[491]
40,471.37489199638367,0.7,6.0,1000,0.22581934527647635,[637]
44,472.3971757888794,0.0,6.0,1000,0.10058390073949418,[294]
39,472.5370571613312,0.3,0.71,1000,0.15912958779703618,[297]
41,471.0875210762024,0.7,6.0,1000,0.2308151757493102,"[516, 584, 696]"
43,471.06242394447327,0.7,6.0,1000,0.22934325861083166,"[487, 586]"
42,470.9745829105377,0.7,6.0,1000,0.3214645582284078,"[204, 919]"
38,478.9838390350342,0.7,0.71,1000,0.17880762046923143,"[517, 520]"
45,482.38714480400085,0.0,6.0,1000,0.09336570422361674,[532]
40,471.9801061153412,0.0,3.52,1000,0.1024874980709412,[607]
44,472.09182620048523,0.3,6.0,1000,0.11238305773498915,[471]
43,471.6197130680084,0.0,3.52,1000,0.11104937410618196,[291]
41,471.6866669654846,0.0,3.52,1000,0.0890716761345595,[579]
42,471.6179459095001,0.0,3.52,1000,0.08488292981971263,[513]
39,472.6771020889282,0.7,0.71,1000,0.18169503285385746,[493]
46,495.16131687164307,0.0,6.0,1000,0.08419626877925271,[554]
45,504.2026731967926,0.3,6.0,1000,0.1073029039705664,[466]
40,486.84015583992004,0.3,3.52,1000,0.09961245194902058,[491]
44,487.0294589996338,0.7,6.0,1000,0.17925621377204518,"[505, 512]"
43,486.8339080810547,0.3,3.52,1000,0.10827774006938162,[465]
41,486.81777787208557,0.3,3.52,1000,0.11624287596130799,[580]
42,486.58865880966187,0.3,3.52,1000,0.13233501656688984,[611]
47,487.7801570892334,0.0,6.0,1000,0.10543113422289577,[348]
46,507.0902099609375,0.3,6.0,1000,0.11805478090132573,[420]
45,541.4989929199219,0.7,6.0,1000,0.17926926898731313,[499]
40,494.6238090991974,0.7,3.52,1000,0.24831576666996394,[269]
42,494.17328000068665,0.7,3.52,1000,0.17500871072046056,[507]
44,494.49776887893677,0.0,3.52,1000,0.09145214329554521,[573]
43,494.4416379928589,0.7,3.52,1000,0.32171943582710194,"[915, 921]"
41,494.5393650531769,0.7,3.52,1000,0.19253749625252203,[481]
47,495.59072613716125,0.3,6.0,1000,0.15999930334131146,"[45, 110, 380]"
46,533.8020811080933,0.7,6.0,1000,0.19648411320979065,[470]
45,582.1590659618378,0.0,3.52,1000,0.1000489610213539,"[521, 640]"
40,497.41362023353577,0.0,2.07,1000,0.10335716842100351,[409]
42,497.73056197166443,0.0,2.07,1000,0.09765896977439376,[427]
43,498.11625504493713,0.0,2.07,1000,0.091516847090497,[606]
44,498.19885420799255,0.3,3.52,1000,0.12757178160891364,[430]
41,498.0974488258362,0.0,2.07,1000,0.0843983591909883,[504]
47,500.33920979499817,0.7,6.0,1000,0.18467707025732577,[524]
46,581.6144738197327,0.0,3.52,1000,0.08688819481782366,[645]
45,601.897298336029,0.3,3.52,1000,0.13415095339917696,[620]
40,493.6966140270233,0.3,2.07,1000,0.11863060759285173,[523]
42,493.8784668445587,0.3,2.07,1000,0.1315312787178936,[451]
43,494.105349779129,0.3,2.07,1000,0.12420455066779904,[501]
44,494.2280170917511,0.7,3.52,1000,0.1693600238190771,[488]
41,494.3334138393402,0.3,2.07,1000,0.1012026781019812,[471]
47,498.43349289894104,0.0,3.52,1000,0.12740418894207173,[236]
46,596.6654920578003,0.3,3.52,1000,0.12272765129240021,[569]
45,576.3835580348969,0.7,3.52,1000,0.16691700093888104,[482]
40,499.8108768463135,0.7,2.07,1000,0.16035513190173015,[499]
42,499.877986907959,0.7,2.07,1000,0.29624361995090875,"[171, 185]"
43,500.70923805236816,0.7,2.07,1000,0.27280918270341475,[859]
44,500.76580786705017,0.0,2.07,1000,0.11715046200997921,[247]
41,500.8608019351959,0.7,2.07,1000,0.2152165250697242,[402]
47,508.40663409233093,0.3,3.52,1000,0.12843532559511273,[557]
46,604.7423851490021,0.7,3.52,1000,0.16900042115642946,[499]
45,539.5800468921661,0.0,2.07,1000,0.09468179308651521,[441]
40,487.1728582382202,0.0,1.22,1000,0.10901006740024,[419]
42,486.9108519554138,0.0,1.22,1000,0.09015112861072298,[480]
43,486.9268231391907,0.0,1.22,1000,0.11783631926136957,[686]
44,486.8531262874603,0.3,2.07,1000,0.1347919943734297,[366]
41,487.3997161388397,0.0,1.22,1000,0.11897713445257602,[660]
47,502.24714970588684,0.7,3.52,1000,0.18413818528975343,"[451, 531]"
46,526.9452378749847,0.0,2.07,1000,0.09397019120499264,[626]
45,502.9934501647949,0.3,2.07,1000,0.1374380756792378,[631]
40,479.0821650028229,0.3,1.22,1000,0.17256251861840927,[253]
42,478.9265191555023,0.3,1.22,1000,0.15660063926232745,[214]
43,478.9725399017334,0.3,1.22,1000,0.1471767056938016,[392]
44,479.34337401390076,0.7,2.07,1000,0.1833633469537673,[547]
41,479.26857113838196,0.3,1.22,1000,0.13048909919131615,[]
47,498.8386809825897,0.0,2.07,1000,0.10624177784241544,[613]
46,493.2709860801697,0.3,2.07,1000,0.15403911963677883,"[252, 796]"
45,485.26217913627625,0.7,2.07,1000,0.2009456794438812,"[336, 438, 573]"
40,473.77880907058716,0.7,1.22,1000,0.18065414083708095,"[91, 494, 499]"
42,473.77526116371155,0.7,1.22,1000,0.1799760715648251,[475]
43,473.5208549499512,0.7,1.22,1000,0.1751845106608884,[534]
44,473.6232922077179,0.0,1.22,1000,0.08948666652714476,[500]
41,473.8822600841522,0.7,1.22,1000,0.18340325822026737,[515]
47,539.8034181594849,0.3,2.07,1000,0.12495850111535717,[527]
46,487.62443804740906,0.7,2.07,1000,0.28795708177952356,[50]
45,484.87697887420654,0.0,1.22,1000,0.11526504264289557,[328]
40,481.93463706970215,0.0,0.71,1000,0.10724522723094126,[505]
42,481.82436299324036,0.0,0.71,1000,0.1143006097672316,[374]
43,481.6789700984955,0.0,0.71,1000,0.1165823649389704,[502]
44,481.8733608722687,0.3,1.22,1000,0.17313363617300617,[142]
41,481.9840290546417,0.0,0.71,1000,0.12769441848110222,[748]
47,597.0149047374725,0.7,2.07,1000,0.18439431205162557,"[30, 389, 528]"
46,491.8730511665344,0.0,1.22,1000,0.09231198271302517,[492]
45,490.62793922424316,0.3,1.22,1000,0.14616619248906845,[667]
40,487.9785499572754,0.3,0.71,1000,0.14799868521152396,"[605, 994]"
42,487.84171533584595,0.3,0.71,1000,0.16068013263354844,[175]
43,488.09956216812134,0.3,0.71,1000,0.1494372433666094,[701]
44,488.10866713523865,0.7,1.22,1000,0.21983125364377046,[393]
41,488.7478551864624,0.3,0.71,1000,0.13408147617157593,[499]
47,604.7564849853516,0.0,1.22,1000,0.11783213578621259,[299]
40,485.4148097038269,0.7,0.71,1000,0.2003321023528721,"[461, 644]"
46,487.1593029499054,0.3,1.22,1000,0.14083703973273257,"[430, 480]"
45,486.874972820282,0.7,1.22,1000,0.20109582201732515,"[152, 418, 544]"
42,485.7608299255371,0.7,0.71,1000,0.18782428778165844,[454]
43,485.67817997932434,0.7,0.71,1000,0.18427068544148217,"[199, 557, 867]"
44,486.49399971961975,0.0,0.71,1000,0.12311463070959242,[647]
41,487.62586402893066,0.7,0.71,1000,0.18023322673121198,[482]
47,545.777193069458,0.3,1.22,1000,0.12910256422482158,[553]
48,460.6215789318085,0.0,6.0,1000,0.07151757668871629,[480]
46,461.6757209300995,0.7,1.22,1000,0.16187156699841687,[503]
49,461.1859791278839,0.0,6.0,1000,0.06917539514800457,[443]
45,461.68679690361023,0.0,0.71,1000,0.11320556487169642,[495]
44,462.3750238418579,0.3,0.71,1000,0.14344881720730226,[637]
47,476.7299907207489,0.7,1.22,1000,0.1822309087679162,[527]
48,451.70058703422546,0.3,6.0,1000,0.1665182184941679,[741]
46,451.4392890930176,0.0,0.71,1000,0.111105571380177,[476]
45,451.77459692955017,0.3,0.71,1000,0.14131975487822993,"[336, 688]"
49,451.80213499069214,0.3,6.0,1000,0.13519669829374714,"[1, 200, 528]"
44,453.6310510635376,0.7,0.71,1000,0.17382235250312245,[501]
47,460.2212119102478,0.0,0.71,1000,0.1263439018989785,"[481, 683]"
48,443.40159797668457,0.7,6.0,1000,0.17592049896154643,[491]
46,443.5685622692108,0.3,0.71,1000,0.13543683931467032,[538]
49,443.53036999702454,0.7,6.0,1000,0.18414825821422673,[472]
45,443.5642201900482,0.7,0.71,1000,0.18717160145926778,"[464, 737]"
47,437.7334761619568,0.3,0.71,1000,0.14306201051952347,[582]
48,433.1820390224457,0.0,3.52,1000,0.07302005735767832,[581]
46,432.7751612663269,0.7,0.71,1000,0.16486500028550105,[503]
49,432.616956949234,0.0,3.52,1000,0.0795284610922283,[399]
48,430.0374047756195,0.3,3.52,1000,0.0908975202410539,[503]
47,431.478285074234,0.7,0.71,1000,0.17190376187665932,"[525, 899]"
49,429.7278411388397,0.3,3.52,1000,0.09463164743671494,[526]
48,426.90521121025085,0.7,3.52,1000,0.16275907183310487,[492]
49,426.791738986969,0.7,3.52,1000,0.18081061632601825,"[465, 499]"
48,427.2043399810791,0.0,2.07,1000,0.0814883406206109,[490]
49,427.13075494766235,0.0,2.07,1000,0.07378190929733307,[502]
48,427.33156991004944,0.3,2.07,1000,0.1054041714814602,[499]
49,427.32123708724976,0.3,2.07,1000,0.12855739434774127,[618]
48,427.76164984703064,0.7,2.07,1000,0.18060202518346782,"[463, 499]"
49,427.69861006736755,0.7,2.07,1000,0.18090194432803353,"[229, 474]"
48,427.62470412254333,0.0,1.22,1000,0.09581228735936338,[536]
49,427.63959407806396,0.0,1.22,1000,0.09040772290485435,[505]
48,427.6880979537964,0.3,1.22,1000,0.1258024427946153,"[444, 611]"
49,427.69607186317444,0.3,1.22,1000,0.11175815241666502,[478]
48,427.85215306282043,0.7,1.22,1000,0.1678736614287933,[499]
49,427.88687896728516,0.7,1.22,1000,0.16350611453556513,[502]
48,428.34046173095703,0.0,0.71,1000,0.1039975800803712,[395]
49,428.2701759338379,0.0,0.71,1000,0.10791371592085136,"[21, 483]"
48,428.618004322052,0.3,0.71,1000,0.12385140476408507,[383]
49,428.52487897872925,0.3,0.71,1000,0.12229328365034214,[535]
48,428.4669768810272,0.7,0.71,1000,0.1823360180047455,"[123, 499]"
49,428.584566116333,0.7,0.71,1000,0.16617890982503278,[566]
