country,year,transport.emissions,gdp,pop
Austria,1970,7679.74216673,135169130645.024,7467086.0
Austria,1971,8464.74338825,142082989214.129,7500482.0
Austria,1972,9479.25247422,150903303811.962,7544201.0
Austria,1973,10294.92017004,158283132276.333,7586115.0
Austria,1974,9561.1887413999,164522871893.839,7599038.0
Austria,1975,9808.2146368501,163924443911.638,7578903.0
Austria,1976,10043.93889368,171429635128.008,7565525.0
Austria,1977,10505.10050808,180138227325.32,7568430.0
Austria,1978,11298.64333591,179758759493.059,7562305.0
Austria,1979,11937.78022372,189387896783.516,7549425.0
Austria,1980,11150.04067319,192667120935.942,7549433.0
Austria,1981,10509.09066371,192389112509.963,7568710.0
Austria,1982,10427.94436838,196258547592.121,7574140.0
Austria,1983,10779.4216715,202093486979.047,7561910.0
Austria,1984,10509.38506479,202197109935.467,7561434.0
Austria,1985,10696.73078873,207249365643.959,7564985.0
Austria,1986,11074.31978616,212018988476.745,7569794.0
Austria,1987,11259.99843669,214896442478.295,7574586.0
Austria,1988,12053.00647778,221979171128.378,7585317.0
Austria,1989,12532.36078983,230607667590.116,7619567.0
Austria,1990,13142.86699288,240629049863.283,7677850.0
Austria,1991,14578.6101958,248910606082.174,7754891.0
Austria,1992,14596.91990684,254121610895.057,7840709.0
Austria,1993,14747.31097733,255460346929.86,7905633.0
Austria,1994,14801.06830238,261596808649.455,7936118.0
Austria,1995,15024.92360401,268576168421.57,7948278.0
Austria,1996,16639.76803874,274886456416.226,7959017.0
Austria,1997,15702.98720233,280641477589.641,7968041.0
Austria,1998,17664.75327388,290692443914.523,7976789.0
Austria,1999,17087.31282856,301030430129.082,7992324.0
Austria,2000,17953.36829942,311192381028.414,8011566.0
Austria,2001,19290.57103828,315135711888.113,8042293.0
Austria,2002,21397.07631912,320340348097.004,8081957.0
Austria,2003,22880.52308941,323356259321.687,8121423.0
Austria,2004,23195.5684344,332200441760.824,8171966.0
Austria,2005,23896.7686879,339655236682.676,8227829.0
Austria,2006,22635.09934939,351387070656.34,8268641.0
Austria,2007,22799.59720536,364484726093.492,8295487.0
Austria,2008,21794.93906195,369807747327.812,8321496.0
Austria,2009,20996.05486575,355886045571.664,8343323.0
Austria,2010,21789.82505437,362424005611.476,8363404.0
Austria,2011,20895.05597469,373016924602.914,8391643.0
Austria,2012,20943.11126331,375555101767.152,8429991.0
Austria,2013,22272.18937459,375650886015.0,8479823.0
Austria,2014,21912.65844404,378134963330.691,8546356.0
Austria,2015,22356.03236003,381971148530.543,8642699.0
Austria,2016,23212.305140673,389570224508.691,8736668.0
Austria,2017,23690.823455168,398368950204.699,8797566.0
Austria,2018,23960.999017703,408030932405.258,8840521.0
Austria,2019,24297.808947211,414222347188.812,8879920.0
Austria,2020,21133.531889973,387488567518.429,8916864.0
Austria,2021,21650.750630917,405145843845.507,8955797.0
Belgium,1970,9987.1409170401,172346670831.88,9655549.0
Belgium,1971,10439.52480733,179216111161.922,9673162.0
Belgium,1972,11395.52291458,188706688044.546,9711115.0
Belgium,1973,11825.91566951,200749386449.419,9741720.0
Belgium,1974,10958.18356229,209914113819.734,9772419.0
Belgium,1975,12116.96242361,205787325003.57,9800700.0
Belgium,1976,12784.49773056,217419959648.709,9818227.0
Belgium,1977,13572.94442629,218781345279.661,9830358.0
Belgium,1978,14039.65651571,224998884653.738,9839534.0
Belgium,1979,15051.70400158,230266272692.697,9848382.0
Belgium,1980,14753.2018096,240499429910.323,9859242.0
Belgium,1981,14289.50640676,239827755215.623,9858982.0
Belgium,1982,14503.72762042,241254698634.742,9856303.0
Belgium,1983,14618.18424198,242007033807.079,9855520.0
Belgium,1984,14922.87570486,247975853676.465,9855372.0
Belgium,1985,15371.00012271,252071901218.968,9858308.0
Belgium,1986,16920.60710126,256666571621.109,9861823.0
Belgium,1987,17645.56884045,262586995647.719,9870234.0
Belgium,1988,19254.91173786,274989527944.74,9901664.0
Belgium,1989,19841.35431571,284529373856.785,9937697.0
Belgium,1990,19353.62219572,293456205020.658,9967379.0
Belgium,1991,19541.27429652,298835475229.994,10004486.0
Belgium,1992,20272.48484439,303409615205.607,10045158.0
Belgium,1993,20782.54128498,300491199097.648,10084475.0
Belgium,1994,21265.20582792,310187964527.328,10115603.0
Belgium,1995,21336.42171503,317585194591.875,10136811.0
Belgium,1996,21752.71560342,321781927100.664,10156637.0
Belgium,1997,22024.88391852,333989231728.476,10181245.0
Belgium,1998,22703.24887071,340541460104.062,10203008.0
Belgium,1999,23017.85055634,352605970422.851,10226419.0
Belgium,2000,23388.57630628,365711203833.047,10251250.0
Belgium,2001,24266.00857004,369732633305.117,10286570.0
Belgium,2002,24307.03900286,376043542626.992,10332785.0
Belgium,2003,24859.45083218,379946808976.211,10376133.0
Belgium,2004,25919.8915533,393515485920.82,10421137.0
Belgium,2005,25215.62398943,402651880769.961,10478617.0
Belgium,2006,25847.30410338,412928965821.953,10547958.0
Belgium,2007,26657.03892076,428111873071.133,10625700.0
Belgium,2008,26744.27234053,430025228051.015,10709973.0
Belgium,2009,25995.71814431,421335523091.64,10796493.0
Belgium,2010,25100.04587906,433403805754.258,10895586.0
Belgium,2011,24753.14465057,440747893479.883,11038264.0
Belgium,2012,23996.76340763,444005978083.203,11106932.0
Belgium,2013,23523.34043014,446045040873.594,11159407.0
Belgium,2014,23843.03660818,453086009677.5,11209057.0
Belgium,2015,25492.39531222,462335574841.484,11274196.0
Belgium,2016,25199.28022718,468191916732.07,11331422.0
Belgium,2017,24602.204462829,475774660680.469,11375158.0
Belgium,2018,24691.817787854,484305039588.75,11427054.0
Belgium,2019,24396.457350452,495157628977.109,11488980.0
Belgium,2020,21120.500027844,468610314043.125,11538604.0
Belgium,2021,23822.537873083,497354242597.969,11592952.0
Bulgaria,1970,4122.51849009,,8489574.0
Bulgaria,1971,4122.51849009,,8536395.0
Bulgaria,1972,4101.1739514899,,8576200.0
Bulgaria,1973,4040.19006237,,8620967.0
Bulgaria,1974,3872.48408316,,8678745.0
Bulgaria,1975,3902.97602772,,8720742.0
Bulgaria,1976,3902.9760277199,,8758599.0
Bulgaria,1977,3963.95991684,,8804183.0
Bulgaria,1978,4024.94409702,,8814032.0
Bulgaria,1979,3963.95991684,,8825940.0
Bulgaria,1980,4116.41992377,30380970883.0197,8861535.0
Bulgaria,1981,3963.95991684,31869687630.9227,8891117.0
Bulgaria,1982,3963.95991684,32613706392.5414,8917457.0
Bulgaria,1983,3963.95991684,33732456291.6572,8939738.0
Bulgaria,1984,3832.84444158,34878160151.893,8960679.0
Bulgaria,1985,3698.67954456,35814094911.0179,8960547.0
Bulgaria,1986,3689.5321316699,37321009485.9442,8958171.0
Bulgaria,1987,3713.92551684,39580615170.0295,8971359.0
Bulgaria,1988,6852.85472697,43912591617.547,8981446.0
Bulgaria,1989,7259.72800785,42467919140.2176,8876972.0
Bulgaria,1990,5791.35716154,38595958807.5266,8718289.0
Bulgaria,1991,3218.4616746,35336392994.7858,8632367.0
Bulgaria,1992,3483.41928399,32766593402.8565,8540164.0
Bulgaria,1993,3937.9790637,32281577420.0861,8472313.0
Bulgaria,1994,3647.04308268,32868460156.4271,8443591.0
Bulgaria,1995,3933.55502451,33808903309.907,8406067.0
Bulgaria,1996,3971.57485086,35568789956.9259,8362826.0
Bulgaria,1997,4034.07350235,30548119474.0422,8312068.0
Bulgaria,1998,5009.67526935,31705624574.9263,8256786.0
Bulgaria,1999,5175.75658892,29043591589.2088,8210624.0
Bulgaria,2000,4860.34375708,30375886420.3129,8170172.0
Bulgaria,2001,5033.89953943,31537370210.8365,8009142.0
Bulgaria,2002,5318.99909845,33389222965.314,7837161.0
Bulgaria,2003,6048.58795531,35137868397.1888,7775327.0
Bulgaria,2004,6479.15594881,37425493085.4681,7716860.0
Bulgaria,2005,7121.90818479,40066366470.1882,7658972.0
Bulgaria,2006,7491.01097754,42791916798.9118,7601022.0
Bulgaria,2007,7108.05289831,45639456472.4552,7545338.0
Bulgaria,2008,7558.49072776,48436954205.3956,7492561.0
Bulgaria,2009,7516.20171712,46815700521.4237,7444443.0
Bulgaria,2010,7320.33069152,47537505667.6491,7395599.0
Bulgaria,2011,7335.81961806,48536366470.1882,7348328.0
Bulgaria,2012,7631.28525504,48902782248.9232,7305888.0
Bulgaria,2013,6760.61025307,48628685105.4183,7265115.0
Bulgaria,2014,7674.95687455,49098860802.5391,7223938.0
Bulgaria,2015,8493.30704035,50781996712.7635,7177991.0
Bulgaria,2016,8608.4459589483,52325680684.652,7127822.0
Bulgaria,2017,8683.9026827152,53771005440.9431,7075947.0
Bulgaria,2018,8987.4191005044,55214628202.2217,7025037.0
Bulgaria,2019,9328.043485607,57444273407.3906,6975761.0
Bulgaria,2020,8365.5720298977,55170276014.5092,6934015.0
Bulgaria,2021,8821.0429621573,59382311267.2863,6877743.0
Croatia,1970,2274.920919,,4412252.0
Croatia,1971,2274.920919,,4431275.0
Croatia,1972,2211.484641,,4450564.0
Croatia,1973,2350.722735,,4470161.0
Croatia,1974,2664.610902,,4490660.0
Croatia,1975,2649.629397,,4512082.0
Croatia,1976,2730.184401,,4535934.0
Croatia,1977,2911.816296,,4559571.0
Croatia,1978,3242.588523,,4581085.0
Croatia,1979,3110.059527,,4594778.0
Croatia,1980,2892.101382,,4599782.0
Croatia,1981,2938.589406,,4611509.0
Croatia,1982,2664.757986,,4634234.0
Croatia,1983,2714.391927,,4658254.0
Croatia,1984,2552.058891,,4680285.0
Croatia,1985,2845.591494,,4701417.0
Croatia,1986,3566.668992,,4721446.0
Croatia,1987,3161.1549,,4739745.0
Croatia,1988,3538.638672,,4755207.0
Croatia,1989,3389.299146,,4767260.0
Croatia,1990,3176.4993552,,4777368.0
Croatia,1991,2575.77844146,,4689022.0
Croatia,1992,2410.41222717,,4575818.0
Croatia,1993,2575.8312003,,4600463.0
Croatia,1994,2799.6398346,,4652024.0
Croatia,1995,2963.42418801,33385967318.1909,4620030.0
Croatia,1996,2961.29596631,35473654592.7596,4557097.0
Croatia,1997,3497.02305482,37663510304.5764,4534920.0
Croatia,1998,3726.9042010299,38539242872.9482,4532135.0
Croatia,1999,4001.8187354101,38251680949.4394,4512597.0
Croatia,2000,4038.73750819,39347234700.2683,4468302.0
Croatia,2001,4091.93652551,40557054995.0861,4299642.0
Croatia,2002,4374.9820611,42894575114.8145,4302174.0
Croatia,2003,4848.68625021,45281116004.8261,4303399.0
Croatia,2004,5002.94953004,47162158847.9233,4304600.0
Croatia,2005,5192.51431698,49172617036.5257,4310145.0
Croatia,2006,5536.51615609,51575652378.8411,4311159.0
Croatia,2007,5961.41669788,54155008740.8506,4310217.0
Croatia,2008,5869.66655707,55239118376.5197,4309705.0
Croatia,2009,5840.75139878,51265522910.4937,4305181.0
Croatia,2010,5634.60789846,50638145959.7853,4295427.0
Croatia,2011,5522.96322154,50594286347.9332,4280622.0
Croatia,2012,5326.1057665,49414598778.6684,4267558.0
Croatia,2013,5401.63974163,49218013834.1149,4255689.0
Croatia,2014,5343.17049395,49006691081.5331,4238389.0
Croatia,2015,5667.16997184,50242783066.1173,4203604.0
Croatia,2016,5878.4158322159,52031104329.2995,4174349.0
Croatia,2017,6345.4474806272,53806649022.2,4124531.0
Croatia,2018,6108.5449706714,55313599034.9693,4087843.0
Croatia,2019,6277.9554294414,57205880317.0277,4065253.0
Croatia,2020,5382.6186717254,52297419557.6084,4047680.0
Croatia,2021,5887.0788773682,59133845410.8868,3899000.0
Cyprus,1970,600.78650196001,,640804.0
Cyprus,1971,600.78650196,,644413.0
Cyprus,1972,662.30766,,647620.0
Cyprus,1973,736.56292806,,650705.0
Cyprus,1974,541.8844692,,648585.0
Cyprus,1975,439.86366456001,3097682698.58944,644982.0
Cyprus,1976,471.10802604,3725468125.32601,648868.0
Cyprus,1977,514.44166227,4335029255.37941,656414.0
Cyprus,1978,573.23611386,4672181966.39618,663975.0
Cyprus,1979,598.16706594,5134988192.74232,671611.0
Cyprus,1980,620.58616206,5430416628.87327,679327.0
Cyprus,1981,617.53702443,5567100130.7611,687170.0
Cyprus,1982,651.72295671,5902334699.54837,696227.0
Cyprus,1983,710.94711684,6231813747.13494,707477.0
Cyprus,1984,763.85813736,6777589413.24631,719678.0
Cyprus,1985,797.93649539999,7108507979.7653,731664.0
Cyprus,1986,844.64198456999,7371803581.61033,743446.0
Cyprus,1987,916.17024237,7892639994.10809,755021.0
Cyprus,1988,959.61114744001,8575099040.45775,766412.0
Cyprus,1989,1031.46244611,9256598650.96646,777592.0
Cyprus,1990,1166.14252851,9941957169.41105,788500.0
Cyprus,1991,1161.99636912,10015478062.1854,799061.0
Cyprus,1992,1308.29230587,10956932901.5103,810431.0
Cyprus,1993,1327.82119077,11033631485.3066,825986.0
Cyprus,1994,1380.48028992,11684615599.6068,844444.0
Cyprus,1995,1466.0989107,12661737992.4921,862418.0
Cyprus,1996,1516.66855911,12819830120.3242,880058.0
Cyprus,1997,1582.8953388,13158388326.7677,897471.0
Cyprus,1998,1658.81833647,13962477271.716,914660.0
Cyprus,1999,1702.32973167,14660316359.7542,931600.0
Cyprus,2000,1743.34021914,15534849723.7574,948237.0
Cyprus,2001,1798.91139777,16148874064.021,964830.0
Cyprus,2002,1781.74577451,16750089620.4754,982194.0
Cyprus,2003,1886.78957286,17189492397.0771,1000350.0
Cyprus,2004,1987.82456055,18053495404.0465,1018684.0
Cyprus,2005,2026.36718037,18929632228.9624,1037062.0
Cyprus,2006,2014.06663839,19821942659.2698,1055438.0
Cyprus,2007,2147.10146775,20832478864.6768,1073873.0
Cyprus,2008,2188.39063578,21592200201.848,1092390.0
Cyprus,2009,2189.31373857,21157060718.6854,1110974.0
Cyprus,2010,2237.09087397,21640191720.2454,1129686.0
Cyprus,2011,2169.95480322,21730369161.045,1145086.0
Cyprus,2012,1998.09376956,20981240451.2344,1156556.0
Cyprus,2013,1795.22519358,19599104959.2463,1166968.0
Cyprus,2014,1750.27179756,19251012720.9963,1176995.0
Cyprus,2015,1818.85447146,19909190058.804,1187280.0
Cyprus,2016,1931.7962082185,21217936634.8601,1197881.0
Cyprus,2017,1996.6683178188,22434461969.0365,1208523.0
Cyprus,2018,2008.7948711695,23701528569.0948,1218831.0
Cyprus,2019,2028.5330782347,25012087656.4461,1228836.0
Cyprus,2020,1728.3733706448,23918440580.3503,1237537.0
Cyprus,2021,1782.5428271033,25506368382.3966,1244188.0
Czech Republic,1970,4854.01700937,,9858071.0
Czech Republic,1971,4854.0170093699,,9826815.0
Czech Republic,1972,5139.63431712,,9867632.0
Czech Republic,1973,5616.6260727,,9922266.0
Czech Republic,1974,5344.02468048,,9988459.0
Czech Republic,1975,6036.5691131698,,10058620.0
Czech Republic,1976,6487.2326294999,,10125939.0
Czech Republic,1977,6806.4988921499,,10186755.0
Czech Republic,1978,6688.18418442,,10242098.0
Czech Republic,1979,6780.1978893,,10292341.0
Czech Republic,1980,5994.04144686,,10304193.0
Czech Republic,1981,6787.15585143,,10300591.0
Czech Republic,1982,5703.41382498,,10314826.0
Czech Republic,1983,5773.29023925,,10323856.0
Czech Republic,1984,6106.29761859,,10330213.0
Czech Republic,1985,5996.41910076,,10337118.0
Czech Republic,1986,5895.04315314,,10342227.0
Czech Republic,1987,5946.77205513,,10347318.0
Czech Republic,1988,6054.60902412,,10355276.0
Czech Republic,1989,6463.09444329,,10361068.0
Czech Republic,1990,6949.31405496,120142052583.973,10333355.0
Czech Republic,1991,6174.62914113,106187622460.491,10308578.0
Czech Republic,1992,7730.4464823,105649737161.441,10319123.0
Czech Republic,1993,7825.71046803,105715138858.682,10329855.0
Czech Republic,1994,8521.7877612,108790719365.821,10333587.0
Czech Republic,1995,7213.93699632,115863001168.759,10327253.0
Czech Republic,1996,9556.1383509299,120805040906.55,10315241.0
Czech Republic,1997,9769.51356078,120178870877.585,10304131.0
Czech Republic,1998,9992.5966994001,119750353168.352,10294373.0
Czech Republic,1999,11200.68505224,121407876416.485,10283860.0
Czech Republic,2000,11350.66246442,126265440317.089,10255063.0
Czech Republic,2001,12203.21150869,130107668072.565,10216605.0
Czech Republic,2002,12807.03015069,132150170232.227,10196916.0
Czech Republic,2003,14579.7221548,136886020631.13,10193998.0
Czech Republic,2004,15351.40573794,143476070938.564,10197101.0
Czech Republic,2005,16680.09139558,152947812388.841,10211216.0
Czech Republic,2006,17004.19891009,163297687890.645,10238905.0
Czech Republic,2007,17863.22572438,172393922455.409,10298828.0
Czech Republic,2008,17627.43199758,177025133390.924,10384603.0
Czech Republic,2009,17068.4430633,168780486813.354,10443936.0
Czech Republic,2010,16054.91729665,172890126530.82,10474410.0
Czech Republic,2011,15898.77672057,175933614512.933,10496088.0
Czech Republic,2012,15696.49314566,174552528075.614,10510785.0
Czech Republic,2013,15575.98552066,174472402052.95,10514272.0
Czech Republic,2014,16087.81820608,178419147314.396,10525347.0
Czech Republic,2015,16854.60967296,188033050459.881,10546059.0
Czech Republic,2016,17605.83971588,192803983942.274,10566332.0
Czech Republic,2017,18079.486361947,202769490319.63,10594438.0
Czech Republic,2018,18272.149133903,209298846486.102,10629928.0
Czech Republic,2019,18437.67925659,215640347578.637,10671870.0
Czech Republic,2020,16093.021690909,203773728339.855,10697858.0
Czech Republic,2021,17689.688595668,210995924589.664,10505772.0
Denmark,1970,5859.09591126,132721366598.942,4928757.0
Denmark,1971,5959.3882669,136709637791.281,4963126.0
Denmark,1972,6075.89295657,142081486258.605,4991596.0
Denmark,1973,6168.19964003,147896804897.978,5021861.0
Denmark,1974,5659.96230436,146236819663.335,5045297.0
Denmark,1975,6274.40473524,144106668435.121,5059862.0
Denmark,1976,6608.52544459,152644421028.959,5072596.0
Denmark,1977,6935.37040586,155499315943.771,5088419.0
Denmark,1978,7206.66428895,158961210494.935,5104248.0
Denmark,1979,7149.70782107,165111596943.141,5116801.0
Denmark,1980,6925.8271841701,164314130489.675,5123027.0
Denmark,1981,6699.00397039,163219594375.45,5121572.0
Denmark,1982,6811.67242366,169233539427.689,5117810.0
Denmark,1983,7081.227386,173626963822.703,5114297.0
Denmark,1984,7644.02347484,180860502606.804,5111619.0
Denmark,1985,8455.3039475999,188101708262.83,5113691.0
Denmark,1986,8818.547151,197326551524.823,5120534.0
Denmark,1987,8801.9896031301,197828286475.179,5127024.0
Denmark,1988,8853.8047689,197801379443.834,5129516.0
Denmark,1989,8912.27922386,199077569084.282,5132594.0
Denmark,1990,9202.90779224,202014449528.001,5140939.0
Denmark,1991,9563.83145209,204829791576.421,5154298.0
Denmark,1992,9712.9570194499,208838324345.416,5171370.0
Denmark,1993,9827.7519579799,208860644214.547,5188628.0
Denmark,1994,10316.83188763,219998060186.398,5206180.0
Denmark,1995,10403.24124125,226658693444.805,5233373.0
Denmark,1996,10577.97244238,233232021689.227,5263074.0
Denmark,1997,10793.20407105,240837461729.208,5284991.0
Denmark,1998,10983.81709999,246179618941.138,5304219.0
Denmark,1999,11129.69436546,253437048662.499,5321799.0
Denmark,2000,11028.02538565,262932986641.725,5339616.0
Denmark,2001,11077.91499545,265097327404.035,5358783.0
Denmark,2002,11225.1644515,266333597050.533,5375931.0
Denmark,2003,11695.47756184,267372454034.624,5390574.0
Denmark,2004,12023.33914823,274506537368.942,5404523.0
Denmark,2005,12146.51456631,280920770514.868,5419432.0
Denmark,2006,12541.74071212,291913222677.846,5437272.0
Denmark,2007,13146.6363816,294567411335.295,5461438.0
Denmark,2008,12849.93631651,293059176864.39,5493621.0
Denmark,2009,12133.185062,278680088475.415,5523095.0
Denmark,2010,12079.800126,283894168259.757,5547683.0
Denmark,2011,11713.909626,287689202382.588,5570572.0
Denmark,2012,10698.01588182,288340817827.024,5591572.0
Denmark,2013,10494.40426473,291032020819.874,5614932.0
Denmark,2014,10677.86506944,295744975353.148,5643475.0
Denmark,2015,11106.36231045,302673070846.857,5683483.0
Denmark,2016,11293.455173747,312497708532.463,5728010.0
Denmark,2017,11258.096586354,321315569939.823,5764980.0
Denmark,2018,11552.660794261,327708263102.566,5793636.0
Denmark,2019,11306.085108972,332602543274.049,5814422.0
Denmark,2020,9368.3064259965,325968427772.869,5831404.0
Denmark,2021,9405.881697682,341796501447.231,5856733.0
Estonia,1970,746.6535,,1360076.0
Estonia,1971,746.6535,,1376955.0
Estonia,1972,819.3618,,1392518.0
Estonia,1973,889.224,,1405951.0
Estonia,1974,971.9175,,1418169.0
Estonia,1975,1072.4724,,1429352.0
Estonia,1976,1156.0734,,1439576.0
Estonia,1977,1175.3466,,1450211.0
Estonia,1978,1203.0792,,1460188.0
Estonia,1979,1248.3441,,1468333.0
Estonia,1980,1344.3636,,1477219.0
Estonia,1981,1342.311,,1487666.0
Estonia,1982,1334.022,,1498414.0
Estonia,1983,1307.1522,,1508745.0
Estonia,1984,1289.835,,1518617.0
Estonia,1985,1287.5673,,1528781.0
Estonia,1986,1374.1059,,1540190.0
Estonia,1987,1410.9855,,1552221.0
Estonia,1988,1431.0006,,1561900.0
Estonia,1989,1470.0291,,1568131.0
Estonia,1990,2166.94958611,,1569174.0
Estonia,1991,1973.45295472,,1561314.0
Estonia,1992,944.25402641,,1533091.0
Estonia,1993,1024.55811738,,1494128.0
Estonia,1994,1248.69202605,,1462514.0
Estonia,1995,1262.49782702,10254019388.509,1436634.0
Estonia,1996,1373.05921151,10760877052.8203,1415594.0
Estonia,1997,1433.54328589,12165173094.8168,1399535.0
Estonia,1998,1498.11131665,12693120380.1531,1386156.0
Estonia,1999,1490.32850595,12639171425.3594,1390244.0
Estonia,2000,1487.24729192,13914164835.0824,1396985.0
Estonia,2001,1813.18395721,14749525966.5371,1388115.0
Estonia,2002,1882.66557501,15748270637.7266,1379350.0
Estonia,2003,1827.53271659,16945180968.259,1370720.0
Estonia,2004,1889.12680389,18098132398.0648,1362550.0
Estonia,2005,1980.65515836,19822237764.1937,1354775.0
Estonia,2006,2134.58710503,21757994918.8512,1346810.0
Estonia,2007,2264.79463274,23407063928.1871,1340680.0
Estonia,2008,2206.41156682,22205813183.2266,1337090.0
Estonia,2009,1990.21770161,18957312552.2555,1334515.0
Estonia,2010,2058.19301148,19420679530.2801,1331475.0
Estonia,2011,2117.81425229,20831219910.825,1327439.0
Estonia,2012,2164.96418376,21503693454.807,1322696.0
Estonia,2013,2127.81467056,21817309477.984,1317997.0
Estonia,2014,2143.99716992,22474308645.6805,1314545.0
Estonia,2015,2212.41329726,22890762090.1508,1315407.0
Estonia,2016,2279.1098862298,23613094924.4117,1315790.0
Estonia,2017,2351.8190913274,24980775931.5047,1317384.0
Estonia,2018,2392.8836841766,25926098666.5234,1321977.0
Estonia,2019,2356.7215694538,26895658710.6379,1326898.0
Estonia,2020,2481.6495489117,26747463292.8629,1329522.0
Estonia,2021,2574.5843569805,28890861346.9492,1330932.0
Finland,1970,5278.39175447,78899731715.7179,4606307.0
Finland,1971,5548.69475232,80759336343.6144,4612124.0
Finland,1972,5869.4358661201,87006463097.9461,4639657.0
Finland,1973,6355.8974460899,93082844694.5136,4666081.0
Finland,1974,6139.21421915,96095501717.889,4690574.0
Finland,1975,6672.0092832099,97829927772.9265,4711440.0
Finland,1976,6796.81133473,98166836909.7293,4725664.0
Finland,1977,6884.8328123,98401957114.9203,4738902.0
Finland,1978,7009.0575719899,101275006350.294,4752528.0
Finland,1979,7546.62981734,108487737735.285,4764690.0
Finland,1980,7512.62114791,114334193866.016,4779535.0
Finland,1981,7594.06961647,115838693345.703,4799964.0
Finland,1982,7827.03533346,119439062675.781,4826933.0
Finland,1983,8071.53324405,123161478423.828,4855787.0
Finland,1984,8310.96496684,127149067752.734,4881803.0
Finland,1985,8708.0124944001,131661456678.906,4902206.0
Finland,1986,9306.71471654,135289563831.25,4918154.0
Finland,1987,9960.32916602,140125930521.484,4932123.0
Finland,1988,10093.67469755,147436510957.812,4946481.0
Finland,1989,10718.10244496,154936818098.437,4964371.0
Finland,1990,10761.93089742,155975322164.062,4986431.0
Finland,1991,10458.56887398,146794102994.141,5013740.0
Finland,1992,10435.61249508,141957736303.906,5041992.0
Finland,1993,10176.71249511,141017978885.547,5066447.0
Finland,1994,10529.00917065,146606595315.625,5088333.0
Finland,1995,10370.66393115,152788801142.187,5107790.0
Finland,1996,10105.96085118,158391841239.844,5124573.0
Finland,1997,10672.37319756,168424056796.875,5139835.0
Finland,1998,10788.80719215,177615261582.812,5153498.0
Finland,1999,10982.33044443,185394056458.984,5165474.0
Finland,2000,10700.67170265,196097527314.844,5176209.0
Finland,2001,10884.44302656,201215710279.297,5188008.0
Finland,2002,11104.2049389,204650762188.672,5200598.0
Finland,2003,11274.12727341,208751521832.422,5213014.0
Finland,2004,11627.71365606,217085073153.906,5228172.0
Finland,2005,11672.12153859,223119713766.016,5246096.0
Finland,2006,11830.53732804,232105658667.187,5266268.0
Finland,2007,12209.87374413,244405718572.656,5288720.0
Finland,2008,11691.12474162,246321847334.766,5313399.0
Finland,2009,11156.21675676,226432719257.422,5338871.0
Finland,2010,11598.75341034,233646772072.266,5363352.0
Finland,2011,11423.27419758,239599308730.469,5388272.0
Finland,2012,11197.17432789,236250798826.562,5413971.0
Finland,2013,11089.48717074,234120534076.562,5438972.0
Finland,2014,10028.41400838,233266209150.781,5461512.0
Finland,2015,10041.49020108,234534382384.766,5479531.0
Finland,2016,11277.291360419,241128217493.75,5495303.0
Finland,2017,10656.15499398,248826017928.906,5508214.0
Finland,2018,10831.703449546,251661932877.344,5515525.0
Finland,2019,10433.124857993,254744159687.5,5521606.0
Finland,2020,9362.8410380074,249126695922.266,5529543.0
Finland,2021,9287.5095200639,256533803980.078,5541017.0
France,1970,50795.66543235,910636112294.556,51724116.0
France,1971,55918.69910418,959052047239.664,52185222.0
France,1972,61453.91423565,1002318472123.85,52637888.0
France,1973,66992.10721002,1065911376205.15,53053660.0
France,1974,66382.75832439,1111755362632.65,53415250.0
France,1975,68848.782792299,1101083792491.43,53715733.0
France,1976,74902.92711999,1149055358647.74,53966558.0
France,1977,75705.162048931,1188862221373.28,54221988.0
France,1978,79295.441308501,1236161624649.22,54486195.0
France,1979,81435.61488213,1280045228283.46,54753575.0
France,1980,82105.758660579,1300253881649.64,55052582.0
France,1981,84270.61386994,1314153853595.82,55371044.0
France,1982,84962.32168293,1347078619777.78,55694106.0
France,1983,85947.543410071,1363794045035.68,55992656.0
France,1984,87756.48314664,1384438090121.85,56275701.0
France,1985,87596.48499547,1406904493488.19,56569195.0
France,1986,92037.17981373,1439787739478.76,56865193.0
France,1987,95153.860815619,1476673666392.57,57168409.0
France,1988,101075.94657134,1546714398124.5,57472651.0
France,1989,105048.56769966,1613901522615.43,57766282.0
France,1990,108837.64269458,1661090955411.7,58044701.0
France,1991,111622.05493554,1678502109603.77,58557577.0
France,1992,114120.81815673,1705347110174.84,58849943.0
France,1993,114999.71504148,1694626166709.98,59106166.0
France,1994,116463.87742881,1734591250411.78,59327585.0
France,1995,117296.02912989,1771133801947.67,59543659.0
France,1996,117036.6266295,1796159810500.7,59756533.0
France,1997,119178.81434285,1838123429815.53,59969944.0
France,1998,123280.11516377,1904087419529.25,60192790.0
France,1999,123957.98435987,1969233367607.74,60504420.0
France,2000,126796.92402618,2046499571261.18,60921384.0
France,2001,129004.01219193,2087096421588.52,61367388.0
France,2002,129105.02677843,2110796058518.4,61816234.0
France,2003,127902.57892046,2128171303325.76,62256970.0
France,2004,128070.22865823,2188393293109.35,62716306.0
France,2005,126059.07762693,2224791087607.91,63188395.0
France,2006,126373.62234687,2279283420792.28,63628261.0
France,2007,125533.46794305,2334550031985.42,64021737.0
France,2008,119602.03665513,2340501872979.04,64379696.0
France,2009,118381.61742591,2273251909006.52,64710879.0
France,2010,118825.99999774,2317567536989.14,65030575.0
France,2011,121738.12395972,2368384855035.17,65345233.0
France,2012,120686.72705254,2375801091055.54,65662240.0
France,2013,119713.22215586,2389493466482.81,66002289.0
France,2014,120127.76331583,2412341398046.84,66312067.0
France,2015,121278.38917373,2439188643162.5,66548272.0
France,2016,121756.82250276,2465909086487.94,66724104.0
France,2017,122138.39118847,2522413420333.78,66918020.0
France,2018,119037.62549503,2569458097202.24,67158348.0
France,2019,118662.83766686,2616812485718.01,67388001.0
France,2020,101260.28977352,2413104454442.24,67571107.0
France,2021,109794.58070364,2577595870536.12,67749632.0
Germany,1970,77720.677479891,1398784449060.79,78169289.0
Germany,1971,84031.19117735,1442604165833.27,78312842.0
Germany,1972,88852.35447356,1504641069065.52,78688452.0
Germany,1973,91825.821071121,1576525098914.39,78936666.0
Germany,1974,89333.228141691,1590557256007.34,78967433.0
Germany,1975,94849.862097739,1576771277634.57,78673554.0
Germany,1976,96732.53075526,1654809762173.58,78336950.0
Germany,1977,103378.18776288,1710199854384.86,78159814.0
Germany,1978,112249.74968307,1761651094839.98,78091820.0
Germany,1979,115800.5761887,1834766016070.68,78126350.0
Germany,1980,117503.4817538,1860614725103.57,78288576.0
Germany,1981,113454.70708263,1870461852829.7,78407907.0
Germany,1982,114231.50785334,1863076506757.72,78333366.0
Germany,1983,116824.2956971,1892371711215.94,78128282.0
Germany,1984,120400.06048241,1945792376994.39,77858685.0
Germany,1985,121140.05967814,1991089163868.88,77684873.0
Germany,1986,127222.30569558,2036632127244.51,77720436.0
Germany,1987,133067.68732117,2065188797761.24,77839920.0
Germany,1988,137897.69873749,2141750213307.76,78144619.0
Germany,1989,141271.08091107,2225204617485.91,78751283.0
Germany,1990,150190.9278869,2342139255489.1,79433029.0
Germany,1991,153594.03581414,2461781853866.62,80013896.0
Germany,1992,156818.03369339,2509123803633.37,80624598.0
Germany,1993,161472.25469167,2484613432320.15,81156363.0
Germany,1994,158964.6167518,2544042703990.73,81438348.0
Germany,1995,161443.61798917,2583326450250.06,81678051.0
Germany,1996,162812.52050554,2604143486148.1,81914831.0
Germany,1997,163711.80734418,2650813925428.06,82034771.0
Germany,1998,166994.4279036,2704199536146.72,82047195.0
Germany,1999,172114.70504226,2755234843518.92,82100243.0
Germany,2000,167900.87972711,2835481139992.39,82211508.0
Germany,2001,164179.61923481,2883158861645.24,82349925.0
Germany,2002,162044.11579047,2877450961484.29,82488495.0
Germany,2003,156939.4173305,2857305447168.18,82534176.0
Germany,2004,156853.15014857,2890881304361.69,82516260.0
Germany,2005,148795.09745224,2912034089955.56,82469422.0
Germany,2006,147123.2055056,3023170179485.12,82376451.0
Germany,2007,142101.86907522,3113153483420.82,82266372.0
Germany,2008,142812.68413154,3143035994104.02,82110097.0
Germany,2009,141657.45112924,2964076668605.51,81902307.0
Germany,2010,142804.97376218,3087971590525.68,81776930.0
Germany,2011,144839.53296402,3209180426118.17,80274983.0
Germany,2012,143512.83149529,3222610768995.58,80425823.0
Germany,2013,147593.23999492,3236712633454.9,80645605.0
Germany,2014,149468.05095651,3308229204839.04,80982500.0
Germany,2015,152460.55264877,3357585719351.56,81686611.0
Germany,2016,155798.65913734,3432459876455.05,82348669.0
Germany,2017,158771.54954613,3524457734041.38,82657002.0
Germany,2018,152954.86669267,3559040862512.65,82905782.0
Germany,2019,154733.61214031,3596645827007.44,83092962.0
Germany,2020,140122.80081963,3463685430302.1,83160871.0
Germany,2021,138938.83130444,3554676005515.55,83196078.0
Greece,1970,3284.45824563,94318336116.7917,8792806.0
Greece,1971,3605.87361702,101714003987.189,8831036.0
Greece,1972,4241.20850631,112048301071.386,8888628.0
Greece,1973,4344.81390792,121115674233.114,8929086.0
Greece,1974,3686.7778461,113317955505.08,8962022.0
Greece,1975,3873.67894977,120532692889.377,9046541.0
Greece,1976,5113.22574003,128791469699.11,9188150.0
Greece,1977,5759.7904737599,132579229099.338,9308479.0
Greece,1978,6548.08262196,142187064851.808,9429959.0
Greece,1979,6638.65871781,146853758173.731,9548258.0
Greece,1980,6843.0891050399,147848150225.85,9642505.0
Greece,1981,7025.75904631,145551002532.458,9729350.0
Greece,1982,7362.7425030099,143902422818.307,9789513.0
Greece,1983,8086.02064963,142350258664.839,9846627.0
Greece,1984,8647.9392734599,145212324832.108,9895801.0
Greece,1985,9133.64982556,148856511045.263,9934300.0
Greece,1986,9676.67750223,149627081061.957,9967213.0
Greece,1987,10117.33471991,146247209666.684,10000595.0
Greece,1988,10610.11219853,152518087763.465,10036983.0
Greece,1989,11245.4786658,158313775912.859,10089498.0
Greece,1990,11622.20064175,158313775912.859,10196792.0
Greece,1991,12458.45510464,163221502034.167,10319927.0
Greece,1992,12757.40312857,164364052890.136,10399061.0
Greece,1993,13053.01771485,161734227742.107,10460415.0
Greece,1994,13235.05036398,164968912718.564,10512922.0
Greece,1995,13662.1802091,168432797539.427,10562153.0
Greece,1996,14317.7268407,173253561149.881,10608800.0
Greece,1997,14650.47015879,181022595641.154,10661259.0
Greece,1998,15392.16329297,188073253821.134,10720509.0
Greece,1999,15668.54419241,193851986394.534,10761698.0
Greece,2000,15858.54268505,201450539792.111,10805808.0
Greece,2001,16214.78284219,209773694977.81,10862132.0
Greece,2002,16793.63549387,218002847793.364,10902022.0
Greece,2003,17818.38983223,230635091420.234,10928070.0
Greece,2004,17926.74264406,242307515416.657,10955141.0
Greece,2005,18402.0248848,243759281967.678,10987314.0
Greece,2006,18828.22463851,257537613577.613,11020362.0
Greece,2007,19586.6236644,265968743229.289,11048473.0
Greece,2008,19158.92545581,265077289564.136,11077841.0
Greece,2009,21017.00794613,253677021313.194,11107017.0
Greece,2010,18926.91856861,239780041723.274,11121341.0
Greece,2011,17293.49951043,215444010389.589,11104899.0
Greece,2012,14020.67796368,200176146628.861,11045011.0
Greece,2013,14334.72456294,195139720340.78,10965211.0
Greece,2014,14226.07024737,196067992081.695,10892413.0
Greece,2015,14353.46388632,195683527003.375,10820883.0
Greece,2016,14693.539551713,194730209118.466,10775971.0
Greece,2017,14358.250047816,196856953384.064,10754679.0
Greece,2018,14424.141935785,200141371166.33,10732882.0
Greece,2019,14813.407309977,203912718651.88,10721582.0
Greece,2020,12010.467142766,185552328472.832,10698599.0
Greece,2021,11993.554235472,201202601384.494,10641221.0
Greenland,1970,,713409403.463132,46400.0
Greenland,1971,,806586745.176455,47200.0
Greenland,1972,,856411814.94172,48300.0
Greenland,1973,,914699280.062503,49000.0
Greenland,1974,,966894344.267381,49500.0
Greenland,1975,,973142803.642582,49600.0
Greenland,1976,,1031134412.38761,49700.0
Greenland,1977,,1122104341.22029,49400.0
Greenland,1978,,1189618186.16532,49200.0
Greenland,1979,,1247440737.5017,49600.0
Greenland,1980,,1355668774.06849,50200.0
Greenland,1981,,1364687761.36282,51000.0
Greenland,1982,,1304373190.78895,51500.0
Greenland,1983,,1349468198.15303,52100.0
Greenland,1984,,1279570934.37709,52700.0
Greenland,1985,,1326357012.19696,53200.0
Greenland,1986,,1420492850.11948,53500.0
Greenland,1987,,1498845418.90699,54100.0
Greenland,1988,,1582834881.34466,54800.0
Greenland,1989,,1688244482.92505,55300.0
Greenland,1990,,1490390113.89542,55600.0
Greenland,1991,,1488699048.74781,55500.0
Greenland,1992,,1412601218.99183,55300.0
Greenland,1993,,1341576581.37848,55200.0
Greenland,1994,,1421056539.22956,55500.0
Greenland,1995,,1474043154.51535,55800.0
Greenland,1996,,1496590669.3289,55900.0
Greenland,1997,,1518574484.4858,56000.0
Greenland,1998,,1636385215.77379,56100.0
Greenland,1999,,1658932713.12615,56100.0
Greenland,2000,,1776743426.95294,56200.0
Greenland,2001,,1799290924.3053,56350.0
Greenland,2002,,1781816619.09558,56609.0
Greenland,2003,,1860751909.98913,56765.0
Greenland,2004,37.71603,1989266282.03924,56911.0
Greenland,2005,34.53714,2088480774.15728,56935.0
Greenland,2006,43.93026,2204510394.03133,56774.0
Greenland,2007,37.57248,2256370133.83959,56555.0
Greenland,2008,37.57248,2395500910.53732,56328.0
Greenland,2009,34.39359,2416244806.46062,56323.0
Greenland,2010,34.39359,2458186589.29546,56905.0
Greenland,2011,34.39359,2445981216.18907,56890.0
Greenland,2012,34.39359,2480082923.88117,56810.0
Greenland,2013,43.93026,2447884486.10122,56483.0
Greenland,2014,40.75137,2563966489.55083,56295.0
Greenland,2015,37.57248,2499115623.00272,56114.0
Greenland,2016,40.60782,2616123069.62063,56186.0
Greenland,2017,40.469994,2617502503.77714,56171.0
Greenland,2018,42.389727,2633811256.96937,56023.0
Greenland,2019,42.389727,2693633300.26335,56225.0
Greenland,2020,38.319573507148,2703236955.7834,56367.0
Greenland,2021,39.099112818226,,56653.0
Hungary,1970,3380.97757626,,10337910.0
Hungary,1971,3796.4881971899,,10367537.0
Hungary,1972,4045.27949589,,10398489.0
Hungary,1973,4407.51662739,,10432055.0
Hungary,1974,5040.7024005299,,10478720.0
Hungary,1975,5356.4285562299,,10540525.0
Hungary,1976,5405.4977003401,,10598677.0
Hungary,1977,6138.62213811,,10648031.0
Hungary,1978,6667.17456375,,10684822.0
Hungary,1979,6690.5140113601,,10704152.0
Hungary,1980,6786.22110168,,10711122.0
Hungary,1981,6615.03628323,,10711848.0
Hungary,1982,6567.96833901,,10705535.0
Hungary,1983,6252.07394364,,10689463.0
Hungary,1984,6507.09831453,,10668095.0
Hungary,1985,6539.08823427,,10648713.0
Hungary,1986,7072.25470113,,10630564.0
Hungary,1987,7444.0901532,,10612741.0
Hungary,1988,7549.5631761899,,10596487.0
Hungary,1989,7985.53170981,,10481719.0
Hungary,1990,7655.64810474,,10373988.0
Hungary,1991,6862.55366865,78733089074.8481,10373400.0
Hungary,1992,6700.54799841,76320565233.1898,10369341.0
Hungary,1993,6742.09886703,75880875956.0739,10357523.0
Hungary,1994,6574.90837095,78117202649.1726,10343355.0
Hungary,1995,6793.22538225,79280778283.9448,10328965.0
Hungary,1996,6792.26413356,79346116187.6974,10311238.0
Hungary,1997,7221.01148123,81840061575.3627,10290486.0
Hungary,1998,8100.8772762299,85031827660.5837,10266570.0
Hungary,1999,8595.00283092,87643177933.1084,10237530.0
Hungary,2000,8604.3199139101,91568886542.0243,10210971.0
Hungary,2001,9081.27443094,95299483590.3448,10187576.0
Hungary,2002,9696.4777194601,99817905184.6813,10158608.0
Hungary,2003,10138.78913719,103884735932.983,10129552.0
Hungary,2004,10649.14875432,109083772922.95,10107146.0
Hungary,2005,11579.25557519,113768132959.824,10087065.0
Hungary,2006,12397.02723157,118257499574.879,10071370.0
Hungary,2007,12778.30660457,118585513679.933,10055780.0
Hungary,2008,12693.57192362,119776044677.938,10038188.0
Hungary,2009,12608.70022979,111873380290.514,10022650.0
Hungary,2010,11407.91349408,113077422068.682,10000023.0
Hungary,2011,10568.64315906,115188393760.125,9971727.0
Hungary,2012,10224.97693314,113748278485.318,9920362.0
Hungary,2013,9550.98210035,115798616344.321,9893082.0
Hungary,2014,10658.86199573,120699456740.623,9866468.0
Hungary,2015,11712.50978576,125174166987.372,9843028.0
Hungary,2016,11719.691692111,127929252772.234,9814023.0
Hungary,2017,12441.162112177,133394359768.376,9787966.0
Hungary,2018,13208.252269401,140547408554.321,9775564.0
Hungary,2019,14017.022983908,147374909829.683,9771141.0
Hungary,2020,12821.484641297,140673383870.477,9750149.0
Hungary,2021,13561.332227204,150685552164.535,9709891.0
Iceland,1970,240.524241,,204438.0
Iceland,1971,258.92692515,,206098.0
Iceland,1972,277.22203506,,209137.0
Iceland,1973,335.47920498,,212317.0
Iceland,1974,304.77241623,,215209.0
Iceland,1975,341.14777169999,,217979.0
Iceland,1976,316.7541024,,220154.0
Iceland,1977,319.91081427,,221799.0
Iceland,1978,359.55045585,,223537.0
Iceland,1979,350.40275883,,225735.0
Iceland,1980,356.50131822,,228138.0
Iceland,1981,368.912706,,230755.0
Iceland,1982,384.26625252,,233860.0
Iceland,1983,378.27526737,,236977.0
Iceland,1984,393.84395496,,239511.0
Iceland,1985,409.19719026,,241405.0
Iceland,1986,433.80572391,,243180.0
Iceland,1987,482.9155011,,245859.0
Iceland,1988,507.30917733,,249740.0
Iceland,1989,507.41614929,,252852.0
Iceland,1990,534.85895622,,254826.0
Iceland,1991,553.26193143,,257797.0
Iceland,1992,547.37852052,,261057.0
Iceland,1993,547.4858037,,263725.0
Iceland,1994,559.79020518,,266021.0
Iceland,1995,547.27093935,9144289754.98199,267468.0
Iceland,1996,601.94140472999,9561920769.22616,268916.0
Iceland,1997,525.28184865001,10113797776.4047,271128.0
Iceland,1998,556.09622487001,10858456575.5095,274047.0
Iceland,1999,574.71375321,11296586994.517,277381.0
Iceland,2000,584.39842761,11859726687.7669,281205.0
Iceland,2001,590.60456817,12335716528.3788,284968.0
Iceland,2002,599.96712953999,12404737216.2574,287523.0
Iceland,2003,599.96712954,12670532078.9946,289521.0
Iceland,2004,631.10392419,13659137611.5282,292074.0
Iceland,2005,631.10392418999,14495683157.7376,296734.0
Iceland,2006,822.37049931001,15411374460.634,303782.0
Iceland,2007,885.61105124999,16714384610.1713,311566.0
Iceland,2008,832.48516637999,17083688339.561,317414.0
Iceland,2009,835.55955198,15774426999.3488,318499.0
Iceland,2010,788.96195520001,15327572988.2618,318041.0
Iceland,2011,779.86506157,15610486135.6369,319014.0
Iceland,2012,768.12972813,15776524980.7745,320716.0
Iceland,2013,780.97141980001,16494745020.423,323764.0
Iceland,2014,759.19686836999,16773046835.507,327386.0
Iceland,2015,800.23349282999,17517210519.0912,330815.0
Iceland,2016,876.99762576044,18621440660.0019,335439.0
Iceland,2017,926.43947285619,19402600566.9271,343400.0
Iceland,2018,952.41589143867,20351154562.7013,352721.0
Iceland,2019,933.07398477809,20842727765.4037,360563.0
Iceland,2020,614.83430095005,19416606631.8892,366463.0
Iceland,2021,626.26011358124,20271528517.8067,372520.0
Ireland,1970,2386.42199334,35933395673.5441,2957250.0
Ireland,1971,2564.24265396,37180244069.7707,2992050.0
Ireland,1972,2758.38412803,39593170542.8121,3036850.0
Ireland,1973,3064.80869901,41462533336.5816,3085950.0
Ireland,1974,2991.99043722,43228932224.5883,3137500.0
Ireland,1975,3159.50848419,45674239831.3426,3189550.0
Ireland,1976,3260.88414768,46311307709.4719,3238050.0
Ireland,1977,3709.20080084,50114068833.4933,3282200.0
Ireland,1978,4392.08935632,53715630889.9289,3329100.0
Ireland,1979,4492.31093143,55366331992.7269,3373750.0
Ireland,1980,4338.44738256,57071243895.3609,3412800.0
Ireland,1981,4409.56555751,58968985809.8468,3453000.0
Ireland,1982,4181.5125965,60315523939.2961,3485800.0
Ireland,1983,4026.43315355,60168171751.3179,3510600.0
Ireland,1984,3933.1583686,62788118906.0824,3532423.0
Ireland,1985,4259.97371218,64725518139.8179,3538082.0
Ireland,1986,4209.32154574,64448278606.273,3539690.0
Ireland,1987,4046.58063388,67453560697.4644,3540057.0
Ireland,1988,4160.54388917,70972892315.5242,3524949.0
Ireland,1989,4449.25652738,75099199603.0937,3511009.0
Ireland,1990,4619.91701509,81457494001.5015,3513974.0
Ireland,1991,4806.29517935,83029329818.521,3534235.0
Ireland,1992,5219.28231859,85805227886.166,3558430.0
Ireland,1993,5198.36221327,88115627601.5234,3576261.0
Ireland,1994,5417.9321918701,93187410736.8906,3590386.0
Ireland,1995,5601.86709658,102165479206.052,3608841.0
Ireland,1996,6516.75327101,109704907771.2,3637510.0
Ireland,1997,6860.31231188,121796324887.1,3674171.0
Ireland,1998,8135.09173365,132473139695.762,3712696.0
Ireland,1999,8996.3916632099,146422410628.217,3754786.0
Ireland,2000,10025.41047927,160191278093.194,3805174.0
Ireland,2001,10481.62746909,168690740424.778,3866243.0
Ireland,2002,10685.81721536,178642424207.669,3931947.0
Ireland,2003,10865.49416321,184026417613.381,3996521.0
Ireland,2004,11520.17725562,196518388854.028,4070262.0
Ireland,2005,12201.42796548,207798116295.995,4159914.0
Ireland,2006,13243.98051407,218162781857.521,4273591.0
Ireland,2007,13641.90874061,229747483326.76,4398942.0
Ireland,2008,12837.63934292,219445444220.344,4489544.0
Ireland,2009,11654.67169521,208262981116.422,4535375.0
Ireland,2010,10871.79768177,211767987813.551,4560155.0
Ireland,2011,10372.60462953,213533773140.929,4580084.0
Ireland,2012,10157.94156554,213521939076.437,4599533.0
Ireland,2013,10327.19573642,215925533436.556,4623816.0
Ireland,2014,10732.65186984,234601689874.762,4657740.0
Ireland,2015,10916.17482139,291775166506.891,4701957.0
Ireland,2016,11508.863532657,297630084892.439,4755335.0
Ireland,2017,11264.028842732,324432693194.991,4807388.0
Ireland,2018,11426.170480692,352098825394.701,4867316.0
Ireland,2019,11358.204853348,371256301839.016,4934340.0
Ireland,2020,9696.963647411,394216789047.752,4985382.0
Ireland,2021,9858.5340302415,447783940484.606,5033165.0
Italy,1970,40634.92438467,846950515068.323,53821850.0
Italy,1971,42486.80429892,862348989577.022,54073490.0
Italy,1972,45473.55275108,894173856797.556,54381345.0
Italy,1973,49713.578034929,957891454594.579,54751406.0
Italy,1974,46407.46053324,1010576836194.79,55110868.0
Italy,1975,48724.78101959,989454133933.442,55441001.0
Italy,1976,51297.80262784,1059956551731.36,55718260.0
Italy,1977,55046.18416694,1087096748192.61,55955411.0
Italy,1978,58578.92206833,1122320202071.85,56155143.0
Italy,1979,64906.22552579,1189201052186.41,56317749.0
Italy,1980,66050.841821769,1229990843476.89,56433883.0
Italy,1981,66221.83459709,1240374765744.15,56501675.0
Italy,1982,68618.67460941,1245504778335.04,56543548.0
Italy,1983,68822.26215264,1260067263727.99,56564074.0
Italy,1984,71777.67020079,1300715172729.04,56576718.0
Italy,1985,74485.00540842,1337110298849.1,56593071.0
Italy,1986,77921.652390889,1375351277184.77,56596155.0
Italy,1987,82926.373282149,1419251948455.8,56601931.0
Italy,1988,86512.58591038,1478780730118.51,56629288.0
Italy,1989,90599.022411501,1528887491700.11,56671781.0
Italy,1990,92407.51397195,1559247756414.99,56719240.0
Italy,1991,94276.19160605,1583235965443.08,56758521.0
Italy,1992,99373.40902399,1596444514474.62,56797087.0
Italy,1993,101381.37183487,1582829943638.81,56831821.0
Italy,1994,101106.57138711,1616876989876.23,56843400.0
Italy,1995,103227.40605379,1663553589171.76,56844303.0
Italy,1996,103752.81372553,1684627233211.13,56860281.0
Italy,1997,105210.56471814,1715459486928.71,56890372.0
Italy,1998,108866.57670357,1746519856496.6,56906744.0
Italy,1999,110017.89848159,1774913511831.87,56916317.0
Italy,2000,109927.61480217,1842128690356.25,56942108.0
Italy,2001,112113.12043444,1878075465645.74,56974100.0
Italy,2002,114374.98154176,1882844706806.09,57059007.0
Italy,2003,114857.87612338,1885454835881.29,57313203.0
Italy,2004,117155.20481313,1912296060780.0,57685327.0
Italy,2005,116115.91625327,1927935754486.25,57969484.0
Italy,2006,117215.89790074,1962458137126.76,58143979.0
Italy,2007,117740.2183194,1991641321835.0,58438310.0
Italy,2008,110882.23382366,1972481476580.66,58826731.0
Italy,2009,105811.64068378,1868315968357.23,59095365.0
Italy,2010,103278.89872311,1900325748105.62,59277417.0
Italy,2011,103148.90307872,1913767385824.26,59379449.0
Italy,2012,96907.4891404,1856719783429.57,59539717.0
Italy,2013,94949.6315154,1822536356977.15,60233948.0
Italy,2014,99856.68668729,1822453476364.22,60789140.0
Italy,2015,97467.74910467,1836637711060.55,60730582.0
Italy,2016,96001.905236429,1860393935366.87,60627498.0
Italy,2017,91912.077403364,1891422683817.38,60536709.0
Italy,2018,94875.153983968,1908933681964.96,60421760.0
Italy,2019,95709.822757683,1918157617381.17,59729081.0
Italy,2020,79323.361662234,1744757062415.98,59438851.0
Italy,2021,88284.144365739,1862306180833.87,59109668.0
Latvia,1970,845.594,,2359164.0
Latvia,1971,845.594,,2376389.0
Latvia,1972,927.8262,,2395674.0
Latvia,1973,1005.3932,,2415819.0
Latvia,1974,1098.1847,,2437186.0
Latvia,1975,1212.8964,,2456130.0
Latvia,1976,1305.1431,,2470989.0
Latvia,1977,1324.9672,,2485073.0
Latvia,1978,1355.6014,,2497921.0
Latvia,1979,1405.5811,,2505953.0
Latvia,1980,1507.3678,,2511701.0
Latvia,1981,1500.6514,,2519421.0
Latvia,1982,1486.2413,,2531080.0
Latvia,1983,1453.3875,,2546011.0
Latvia,1984,1436.7505,,2562047.0
Latvia,1985,1441.2275,,2578873.0
Latvia,1986,1542.9379,,2599892.0
Latvia,1987,1596.9226,,2626583.0
Latvia,1988,1629.0964,,2653434.0
Latvia,1989,1678.1184,,2666955.0
Latvia,1990,2350.61552233,,2663151.0
Latvia,1991,2181.49316311,,2650581.0
Latvia,1992,1985.24308056,,2614338.0
Latvia,1993,1957.25148037,,2563290.0
Latvia,1994,1874.60091753,,2520742.0
Latvia,1995,1766.17516812,12350288663.5402,2485056.0
Latvia,1996,1691.38262421,12669916027.5586,2457222.0
Latvia,1997,1713.76139265,13789545456.7203,2432851.0
Latvia,1998,1712.71455449,14663242477.5719,2410019.0
Latvia,1999,1713.24174313,15067386986.0336,2390482.0
Latvia,2000,1917.4702764,15922572893.818,2367550.0
Latvia,2001,2302.62407565,16929438089.8539,2337170.0
Latvia,2002,2370.95466303,18129418442.5547,2310173.0
Latvia,2003,2484.08653986,19656434376.8445,2287955.0
Latvia,2004,2615.94322711,21284802094.6672,2263122.0
Latvia,2005,2742.70782512,23566610772.3461,2238799.0
Latvia,2006,3085.56350214,26387966692.6328,2218357.0
Latvia,2007,3502.09598873,29011437660.3379,2200325.0
Latvia,2008,3290.20551171,28068821027.2594,2177322.0
Latvia,2009,2866.29675369,24066167841.8371,2141669.0
Latvia,2010,2956.8355565,22993883546.7441,2097555.0
Latvia,2011,2572.85606817,23585679970.3973,2059709.0
Latvia,2012,2462.7527591,25246641848.4078,2034319.0
Latvia,2013,2509.56487002,25753586054.7246,2012647.0
Latvia,2014,2653.67657014,26243463733.7578,1993782.0
Latvia,2015,2842.92993885,27263090547.0617,1977527.0
Latvia,2016,2897.6385434376,27908848130.1504,1959537.0
Latvia,2017,3057.7521506601,28833322008.4414,1942248.0
Latvia,2018,3056.5204955952,29984306271.8922,1927174.0
Latvia,2019,3082.2853058287,30754814155.864,1913822.0
Latvia,2020,2684.731481174,30077290109.2039,1900449.0
Latvia,2021,2727.0419243876,31300856486.9336,1884490.0
Lithuania,1970,1578.9202,,3139689.0
Lithuania,1971,1578.9202,,3179041.0
Lithuania,1972,1736.5527,,3213622.0
Lithuania,1973,1888.6474,,3244438.0
Lithuania,1974,2071.5717,,3273894.0
Lithuania,1975,2273.1738999999,,3301652.0
Lithuania,1976,2466.1521,,3328664.0
Lithuania,1977,2518.1681,,3355036.0
Lithuania,1978,2586.8544000001,,3379514.0
Lithuania,1979,2687.3624,,3397842.0
Lithuania,1980,2924.3078,,3413202.0
Lithuania,1981,2953.5405,,3432947.0
Lithuania,1982,2973.1486,,3457179.0
Lithuania,1983,2939.1587,,3485192.0
Lithuania,1984,2918.9619,,3514205.0
Lithuania,1985,2936.5587,,3544543.0
Lithuania,1986,3171.4162,,3578914.0
Lithuania,1987,3255.328,,3616367.0
Lithuania,1988,3281.1257,,3655049.0
Lithuania,1989,3372.0832,,3684255.0
Lithuania,1990,5135.82896321,,3697838.0
Lithuania,1991,5691.97312772,,3704134.0
Lithuania,1992,3642.1290809899,,3700114.0
Lithuania,1993,2701.58527104,,3682613.0
Lithuania,1994,2017.3291321501,,3657144.0
Lithuania,1995,2689.78350826,17913320835.8734,3629102.0
Lithuania,1996,2963.94657075,18837373099.266,3601613.0
Lithuania,1997,3364.33418895,20402932401.8633,3575137.0
Lithuania,1998,3572.8879280499,21928206400.9148,3549331.0
Lithuania,1999,3188.20092997,21677880321.5578,3524238.0
Lithuania,2000,2801.99024035,22478991899.5918,3499536.0
Lithuania,2001,3084.99538754,23945995391.1406,3470818.0
Lithuania,2002,3184.39654452,25562688814.3281,3443067.0
Lithuania,2003,3223.46898792,28263631519.6211,3415213.0
Lithuania,2004,3557.61620028,30120407999.1594,3377075.0
Lithuania,2005,3775.52375105,32449428669.3601,3322528.0
Lithuania,2006,4024.95953258,34855268683.5691,3269909.0
Lithuania,2007,4719.36846817,38726810730.7062,3231294.0
Lithuania,2008,4694.54448806,39739293390.5074,3198231.0
Lithuania,2009,3885.75637052,33842535273.8547,3162916.0
Lithuania,2010,4011.24929608,34401356974.3984,3097282.0
Lithuania,2011,3987.95983304,36478857729.3719,3028115.0
Lithuania,2012,4007.9586442,37881055682.4922,2987773.0
Lithuania,2013,4026.88428144,39225860752.8062,2957689.0
Lithuania,2014,4499.93375656,40613283322.7621,2932367.0
Lithuania,2015,4808.9287696,41435533340.3883,2904910.0
Lithuania,2016,5197.5664069119,42479223269.264,2868231.0
Lithuania,2017,5424.9537855255,44298437189.8902,2828403.0
Lithuania,2018,5775.9772391204,46067411257.316,2801543.0
Lithuania,2019,6020.5201921363,48198076541.4695,2794137.0
Lithuania,2020,5669.711454162,48187587206.6015,2794885.0
Lithuania,2021,5919.0829087932,51069702271.8047,2800839.0
Luxembourg,1970,437.3823,12045251394.0336,339171.0
Luxembourg,1971,483.33522,12366526384.6945,342421.0
Luxembourg,1972,547.75912,13182494340.334,346600.0
Luxembourg,1973,627.72222,14278311403.8371,350450.0
Luxembourg,1974,637.01642,14879781670.3836,355050.0
Luxembourg,1975,801.16392,13901975726.466,358950.0
Luxembourg,1976,858.17072,14254298216.3453,360731.0
Luxembourg,1977,884.324,14478058119.0492,361358.0
Luxembourg,1978,1008.50952,15068034941.5617,362007.0
Luxembourg,1979,1159.53222,15421472491.8961,362856.0
Luxembourg,1980,1237.44244,15551149030.0137,364150.0
Luxembourg,1981,1398.39414,15465469116.0609,365225.0
Luxembourg,1982,1414.03084,15640430422.8094,365525.0
Luxembourg,1983,1386.91042,16107934774.4031,365622.0
Luxembourg,1984,1409.32942,17104522552.5332,365998.0
Luxembourg,1985,1525.05124,17582030272.3488,366706.0
Luxembourg,1986,1581.58788,19337409478.3258,368355.0
Luxembourg,1987,1768.94574,20101425602.3746,370750.0
Luxembourg,1988,1866.69474,21802666126.8535,373450.0
Luxembourg,1989,2202.6025399999,23938905603.7695,377100.0
Luxembourg,1990,2622.08794,25212438894.5285,381850.0
Luxembourg,1991,3119.52388,27391849518.0187,387000.0
Luxembourg,1992,3412.2055800001,27890285979.4902,392175.0
Luxembourg,1993,3456.07644,29061859473.6523,397475.0
Luxembourg,1994,3516.91384,30172289931.4379,402925.0
Luxembourg,1995,3343.6187400001,30604417464.514,408625.0
Luxembourg,1996,3438.14276,31032290015.6547,414225.0
Luxembourg,1997,3638.0198,32714188401.9113,419450.0
Luxembourg,1998,3801.9512,34897700894.5582,424700.0
Luxembourg,1999,4222.9019,37750651303.9183,430475.0
Luxembourg,2000,4827.878195,40369840661.3785,436300.0
Luxembourg,2001,5070.369219,41610952875.9605,441525.0
Luxembourg,2002,5280.873499,42953079582.1566,446175.0
Luxembourg,2003,5838.691071,44078183347.9207,451630.0
Luxembourg,2004,6812.213289,45943524157.4617,458095.0
Luxembourg,2005,7195.9512200001,47084244317.1613,465158.0
Luxembourg,2006,6889.042813,49917169128.3586,472637.0
Luxembourg,2007,6608.419652,53959794734.6914,479993.0
Luxembourg,2008,6702.28424,53797820276.3277,488650.0
Luxembourg,2009,6177.900901,52055333610.1398,497783.0
Luxembourg,2010,6538.592811,54012829450.8633,506953.0
Luxembourg,2011,6932.14121,54576884723.7121,518347.0
Luxembourg,2012,6614.033014,55477349852.5629,530946.0
Luxembourg,2013,6470.419586,57236975164.3722,543360.0
Luxembourg,2014,6178.777233,58738350255.7597,556319.0
Luxembourg,2015,5744.1956630001,60071584216.1375,569604.0
Luxembourg,2016,5567.8057782863,63062062076.8293,582014.0
Luxembourg,2017,5677.751368169,63892707778.4988,596336.0
Luxembourg,2018,6061.0433410478,64671765568.8058,607950.0
Luxembourg,2019,6198.479551113,66172102156.1277,620001.0
Luxembourg,2020,5024.8974599372,65644422263.398,630419.0
Luxembourg,2021,5180.7887967334,68993899662.5449,640064.0
Malta,1970,204.14862,948889936.758017,302650.0
Malta,1971,204.14862,972175635.19361,302700.0
Malta,1972,216.34542,1028934428.04838,302450.0
Malta,1973,244.43298,1071595473.20537,302200.0
Malta,1974,216.1305,1179145123.7102,301996.0
Malta,1975,185.1012,1409786863.41951,304222.0
Malta,1976,190.87722,1649691556.64041,305774.0
Malta,1977,193.81896,1850692777.09975,306970.0
Malta,1978,197.62038,2057251525.57417,310182.0
Malta,1979,203.71878,2273073116.60934,313342.0
Malta,1980,267.28182,2433318207.03429,316645.0
Malta,1981,273.48768,2513903916.56496,318982.0
Malta,1982,311.3676,2571332852.54632,325898.0
Malta,1983,295.047,2555586264.28492,330524.0
Malta,1984,295.47684,2579669366.47065,330593.0
Malta,1985,143.05716,2646361034.06191,336452.0
Malta,1986,451.69794,2749177188.50549,342121.0
Malta,1987,451.2681,2862182514.14623,344485.0
Malta,1988,450.7308,3103013314.10185,347325.0
Malta,1989,450.7308,3356812049.26218,350722.0
Malta,1990,450.7308,3568002219.01698,354170.0
Malta,1991,507.33575999999,3791233995.34006,363845.0
Malta,1992,525.95334,3969078220.34839,367618.0
Malta,1993,593.78796,4146922667.2584,371308.0
Malta,1994,593.78796,4381269610.56252,374797.0
Malta,1995,691.03998,4659151336.95773,377419.0
Malta,1996,544.46346,4835143126.59492,379905.0
Malta,1997,745.73747999999,5089325640.74115,382791.0
Malta,1998,650.93022,5350184178.40896,385287.0
Malta,1999,597.80430000001,5602711527.79319,387578.0
Malta,2000,456.39936,6705425496.50505,390087.0
Malta,2001,425.2626,6626650393.87551,393028.0
Malta,2002,285.50988,6796627094.19727,395969.0
Malta,2003,364.96368,7073560412.73716,398582.0
Malta,2004,445.1697,7083435038.27804,401268.0
Malta,2005,475.4061,7323088871.62987,403834.0
Malta,2006,488.1513,7506934428.04837,405308.0
Malta,2007,500.4852,7865416620.43715,406724.0
Malta,2008,549.2724,8166315322.31222,409379.0
Malta,2009,484.0053,8073782314.43471,412477.0
Malta,2010,509.4957,8521358038.38899,414508.0
Malta,2011,499.9368,8561078442.25008,416268.0
Malta,2012,496.8876,8913680239.65383,420028.0
Malta,2013,506.3094,9401531121.71308,425967.0
Malta,2014,515.8683,10119161211.5833,434558.0
Malta,2015,547.1829,11091423499.3898,445053.0
Malta,2016,550.08550100761,11466437368.2459,455356.0
Malta,2017,566.21746218496,12719183401.753,467999.0
Malta,2018,633.66724503386,13503827804.2827,484630.0
Malta,2019,708.80240240154,14302895817.153,504062.0
Malta,2020,640.74500487927,13112282258.9593,515332.0
Malta,2021,653.7797530526,14462554088.5388,518536.0
Netherlands,1970,12472.2896,278540044641.616,13038526.0
Netherlands,1971,13532.3791,290564563677.776,13194497.0
Netherlands,1972,14442.24818,300832750436.385,13328593.0
Netherlands,1973,15082.07944,317210756181.547,13439322.0
Netherlands,1974,14485.8098,328118739110.483,13545056.0
Netherlands,1975,15753.63704,328125396187.827,13666335.0
Netherlands,1976,17413.81554,342747679887.529,13774037.0
Netherlands,1977,18160.49574,351386430467.402,13856185.0
Netherlands,1978,19772.9806,360860676429.789,13941700.0
Netherlands,1979,19486.40398,368129009943.781,14038270.0
Netherlands,1980,20031.80556,373068985166.768,14149800.0
Netherlands,1981,20646.23706,370145572922.263,14247208.0
Netherlands,1982,20361.08376,365552967323.612,14312690.0
Netherlands,1983,20912.39264,373119759805.182,14367070.0
Netherlands,1984,21281.6438,384543489815.709,14424211.0
Netherlands,1985,19952.35572,394465403148.719,14491632.0
Netherlands,1986,20779.95288,405459058225.018,14572278.0
Netherlands,1987,21314.08908,413289480955.017,14665037.0
Netherlands,1988,22249.43662,427511676525.385,14760094.0
Netherlands,1989,23507.61058,446408196647.337,14848907.0
Netherlands,1990,26067.5055,465082446942.397,14951510.0
Netherlands,1991,26505.90998,476426432932.937,15069798.0
Netherlands,1992,28026.8486,484554605651.777,15184166.0
Netherlands,1993,28886.54272,490648132551.043,15290368.0
Netherlands,1994,28316.19634,505176677944.667,15382838.0
Netherlands,1995,28674.39882,520918165020.581,15459006.0
Netherlands,1996,29889.33878,539143748273.904,15530498.0
Netherlands,1997,29922.36806,562483569063.842,15610650.0
Netherlands,1998,30659.81778,588717336764.449,15707209.0
Netherlands,1999,31191.26096,618353650975.274,15812088.0
Netherlands,2000,31181.73867,644297559542.718,15925513.0
Netherlands,2001,31437.79871,659290074379.866,16046180.0
Netherlands,2002,32176.18644,660722537625.617,16148929.0
Netherlands,2003,32743.02687,661750925152.705,16225302.0
Netherlands,2004,33272.82579,674886321780.345,16281779.0
Netherlands,2005,33443.02414,688727404110.835,16319868.0
Netherlands,2006,34293.45342,712564183491.074,16346101.0
Netherlands,2007,33500.3241,739448107993.38,16381696.0
Netherlands,2008,33837.28199,755496534043.895,16445593.0
Netherlands,2009,32325.98668,727793352989.741,16530388.0
Netherlands,2010,32805.56487,737565720627.788,16615394.0
Netherlands,2011,32884.36514,749006761258.435,16693074.0
Netherlands,2012,31525.62357,741289340197.321,16754962.0
Netherlands,2013,30600.1417,740324364660.471,16804432.0
Netherlands,2014,28394.51919,750862107575.857,16865008.0
Netherlands,2015,28792.314385,765572770634.375,16939923.0
Netherlands,2016,29058.819575902,782351934079.297,17030314.0
Netherlands,2017,29733.534840323,805125436190.089,17131296.0
Netherlands,2018,29809.459426368,824133764145.055,17231624.0
Netherlands,2019,29450.313212678,840250428566.882,17344874.0
Netherlands,2020,26928.6692546,807597591789.77,17441500.0
Netherlands,2021,26983.291212272,846872832523.287,17533044.0
Norway,1970,4098.16476,103215252660.949,3875763.0
Norway,1971,4288.1823,109070042368.503,3903039.0
Norway,1972,4588.03818,114884158313.527,3933004.0
Norway,1973,5251.01742,120091763976.439,3960612.0
Norway,1974,4836.8367,124802976128.965,3985258.0
Norway,1975,5236.866,130983403947.504,4007313.0
Norway,1976,4807.95678,138613702593.779,4026152.0
Norway,1977,5170.77126,144381068512.969,4043205.0
Norway,1978,5299.69734,149967758602.873,4058671.0
Norway,1979,5614.90668,156525038751.679,4072517.0
Norway,1980,5554.1376,163669856360.442,4085620.0
Norway,1981,5539.64382,166285749715.821,4099702.0
Norway,1982,5653.8612,166677110674.796,4114787.0
Norway,1983,5854.85316,173298873617.857,4128432.0
Norway,1984,6142.8346200001,183787620130.206,4140099.0
Norway,1985,6656.3091,193994006406.944,4152516.0
Norway,1986,7197.01146,201835734215.149,4167354.0
Norway,1987,7522.12062,205374723571.355,4186905.0
Norway,1988,7620.76962,204850304846.543,4209488.0
Norway,1989,7658.11224,206977245013.95,4226901.0
Norway,1990,7679.5641,210976914332.954,4241473.0
Norway,1991,8063.62884,217484964348.455,4261732.0
Norway,1992,8193.97872,225258737211.946,4286401.0
Norway,1993,8599.42818,231668078950.088,4311991.0
Norway,1994,8545.22766,243379890461.92,4336613.0
Norway,1995,8818.8496200001,253493520719.231,4359184.0
Norway,1996,9264.7312199999,266239041025.111,4381336.0
Norway,1997,9248.69268,280308690709.931,4405157.0
Norway,1998,9419.94486,287665185491.371,4431464.0
Norway,1999,9177.3387,293455492404.671,4461913.0
Norway,2000,8877.7274399999,302860679962.798,4490967.0
Norway,2001,9201.33963,309144404257.518,4513751.0
Norway,2002,9342.63297,313615418001.447,4538159.0
Norway,2003,9291.9041300001,316469649684.82,4564855.0
Norway,2004,9646.32269,329031642037.821,4591910.0
Norway,2005,9695.08244,337670104371.189,4623291.0
Norway,2006,10177.14962,345773607522.992,4660677.0
Norway,2007,10536.1292,356127064172.781,4709153.0
Norway,2008,10282.25684,357823457683.166,4768212.0
Norway,2009,9988.6480399999,351643773896.869,4828726.0
Norway,2010,10478.9369,354111728841.583,4889252.0
Norway,2011,9941.8646899999,357587103441.149,4953088.0
Norway,2012,9522.55334,367253074299.886,5018573.0
Norway,2013,10255.01537,371050738865.351,5079623.0
Norway,2014,10601.42024,378358747545.727,5137232.0
Norway,2015,9693.3558100001,385801550067.169,5188607.0
Norway,2016,9331.1084889056,389935641211.119,5234519.0
Norway,2017,8659.4768207655,398994977782.37,5276968.0
Norway,2018,8916.8966664426,403459047225.38,5311916.0
Norway,2019,8354.0267455862,406468037614.963,5347896.0
Norway,2020,7994.1711989902,403552919293.169,5379475.0
Norway,2021,8003.91008521,419214549963.832,5408320.0
Poland,1970,9631.93824,,32664300.0
Poland,1971,10280.02068,,32783500.0
Poland,1972,11742.95142,,33055650.0
Poland,1973,13219.73118,,33357200.0
Poland,1974,13329.7038,,33678899.0
Poland,1975,14966.14338,,34015199.0
Poland,1976,15647.391,,34356300.0
Poland,1977,17187.06222,,34689050.0
Poland,1978,18364.24134,,34965600.0
Poland,1979,18729.31248,,35247217.0
Poland,1980,18514.8342,,35574150.0
Poland,1981,17522.95788,,35898587.0
Poland,1982,16531.26948,,36230481.0
Poland,1983,18091.5462,,36571808.0
Poland,1984,18578.59866,,36904134.0
Poland,1985,18465.89904,,37201885.0
Poland,1986,19771.34598,,37456119.0
Poland,1987,20512.48932,,37668045.0
Poland,1988,20544.06942,,37824487.0
Poland,1989,21065.36184,,37961529.0
Poland,1990,17916.51942,194797367584.792,38110782.0
Poland,1991,19377.44892,181131204781.853,38246193.0
Poland,1992,20130.99084,185686615838.017,38363667.0
Poland,1993,19693.13174,192628157725.814,38461408.0
Poland,1994,20600.08604,202823584833.838,38542652.0
Poland,1995,21368.357799999,217229871335.721,38594998.0
Poland,1996,24481.88976,230514657116.328,38624370.0
Poland,1997,26022.65126,245380554450.192,38649660.0
Poland,1998,27533.61746,256767475792.546,38663481.0
Poland,1999,30067.26418,268719724101.34,38660271.0
Poland,2000,26275.86272,280975991510.811,38258629.0
Poland,2001,26074.66762,284512269531.768,38248076.0
Poland,2002,25173.91738,290304549675.023,38230364.0
Poland,2003,27456.30062,300460538532.962,38204570.0
Poland,2004,31137.3207,315432020161.825,38182222.0
Poland,2005,33429.35062,326493699429.633,38165445.0
Poland,2006,37044.9089,346511473670.248,38141267.0
Poland,2007,41177.54524,370980501392.758,38120560.0
Poland,2008,43100.35848,386561612946.014,38125759.0
Poland,2009,43659.64212,397509749303.621,38151603.0
Poland,2010,46222.96558,409175222178.008,38042794.0
Poland,2011,46811.58864,429806605650.617,38063255.0
Poland,2012,44862.69118,436448070035.814,38063164.0
Poland,2013,41938.99092,440186496882.876,38040196.0
Poland,2014,42568.30848,457076270062.343,38011735.0
Poland,2015,45524.00251,477111287969.227,37986412.0
Poland,2016,52053.36873624,491202812044.038,37970087.0
Poland,2017,60306.424819798,516450722907.547,37974826.0
Poland,2018,61938.29690642,547154795065.659,37974750.0
Poland,2019,63049.338973611,571503117124.287,37965475.0
Poland,2020,59711.170695478,559958349913.782,37899070.0
Poland,2021,64025.075096874,598302692664.81,37747124.0
Portugal,1970,2408.1021,66481201352.3269,8680431.0
Portugal,1971,2702.65212,70890003936.0043,8643756.0
Portugal,1972,2974.09806,76572330934.3375,8630430.0
Portugal,1973,3417.69618,85148946573.3098,8633100.0
Portugal,1974,3537.82386,86122079248.932,8754365.0
Portugal,1975,4067.76672,82377809425.4785,9093470.0
Portugal,1976,4325.92776,88062068085.7543,9355810.0
Portugal,1977,4555.46394,92995831146.0664,9455675.0
Portugal,1978,4695.1092,95614562274.7027,9558250.0
Portugal,1979,5257.53198,101006207990.821,9661265.0
Portugal,1980,5765.43186,105641726219.543,9766312.0
Portugal,1981,6062.30568,107351119444.742,9851362.0
Portugal,1982,6485.01606,109643468494.882,9911771.0
Portugal,1983,6408.93384,109453660796.144,9957865.0
Portugal,1984,6169.45752,107395954860.652,9996232.0
Portugal,1985,6193.03176,110411030622.129,10023613.0
Portugal,1986,6638.4567,114983102465.714,10032734.0
Portugal,1987,7245.66384,122320627422.591,10030031.0
Portugal,1988,8016.48,131481351670.397,10019610.0
Portugal,1989,8532.57384,139949591199.726,10005000.0
Portugal,1990,9133.46766,145478331657.148,9983218.0
Portugal,1991,9844.66998,151833125542.386,9960235.0
Portugal,1992,10752.84792,153487311625.174,9952494.0
Portugal,1993,11319.44832,150351141407.788,9964675.0
Portugal,1994,11900.56932,151801786241.278,9991525.0
Portugal,1995,12379.34736,158303123479.596,10026176.0
Portugal,1996,13169.92284,163850456044.527,10063945.0
Portugal,1997,13709.14452,171061297929.066,10108977.0
Portugal,1998,14965.313,179285861799.304,10160196.0
Portugal,1999,15683.7244,186289802829.511,10217828.0
Portugal,2000,16966.83989,193398953419.572,10289898.0
Portugal,2001,17225.22071,197157995297.652,10362722.0
Portugal,2002,17737.9786,198677933649.212,10419631.0
Portugal,2003,18800.25041,196829193371.541,10458821.0
Portugal,2004,19348.26968,200349947385.126,10483861.0
Portugal,2005,18539.03407,201916379874.368,10503330.0
Portugal,2006,18488.97606,205197590054.868,10522288.0
Portugal,2007,18301.612,210341031080.276,10542964.0
Portugal,2008,18357.09693,211012540457.556,10558177.0
Portugal,2009,17929.76898,204424561357.608,10568247.0
Portugal,2010,17677.33553,207976694614.767,10573100.0
Portugal,2011,16424.14696,204449067168.824,10557560.0
Portugal,2012,15063.949210804,196153968235.59,10514844.0
Portugal,2013,14821.297261662,194344164093.789,10457295.0
Portugal,2014,15032.635272436,195883739714.001,10401062.0
Portugal,2015,15060.33297378,199394066525.44,10358076.0
Portugal,2016,15556.889048557,203420800578.641,10325452.0
Portugal,2017,15858.665216151,210553436228.057,10300300.0
Portugal,2018,15935.178586764,216552789892.193,10283822.0
Portugal,2019,16392.833574287,222362381347.62,10286263.0
Portugal,2020,13362.067928187,203905156212.017,10297081.0
Portugal,2021,13745.695461607,215084035589.303,10325147.0
Romania,1970,6125.8428,,20250398.0
Romania,1971,6125.8428,,20461567.0
Romania,1972,6470.4024,,20657957.0
Romania,1973,6921.684,,20835681.0
Romania,1974,5583.0852,,21029429.0
Romania,1975,7879.1328,,21293583.0
Romania,1976,8985.9924,,21551634.0
Romania,1977,8171.856,,21756096.0
Romania,1978,7869.9852,,21951464.0
Romania,1979,7635.1968,,22090488.0
Romania,1980,6885.0936,,22207282.0
Romania,1981,4479.2748,,22353070.0
Romania,1982,6156.3348,,22475741.0
Romania,1983,5272.0668,,22560478.0
Romania,1984,5049.4752,,22640547.0
Romania,1985,4284.126,,22732999.0
Romania,1986,3988.3536,,22836841.0
Romania,1987,5552.5932,,22949430.0
Romania,1988,5183.64,,23057662.0
Romania,1989,9067.51386,,23161458.0
Romania,1990,10689.22774,116406391741.741,23201835.0
Romania,1991,9031.95938,101368768753.562,23001155.0
Romania,1992,8279.83518,92481537217.6712,22794284.0
Romania,1993,6927.72612,93895426861.6787,22763280.0
Romania,1994,7547.71294,97587341271.6169,22730211.0
Romania,1995,6936.7226,103670459396.434,22684270.0
Romania,1996,10063.30978,107721592103.075,22619004.0
Romania,1997,9675.71672,102498104519.656,22553978.0
Romania,1998,9478.61572,100417584766.001,22507344.0
Romania,1999,7904.42532,100039351182.515,22472040.0
Romania,2000,8103.1446400001,102501583178.018,22442971.0
Romania,2001,10701.596,107850255453.56,22131970.0
Romania,2002,10772.30972,114000946517.052,21730496.0
Romania,2003,11600.94952,116669876631.693,21574326.0
Romania,2004,12061.81044,128836343224.921,21451748.0
Romania,2005,11599.340286,134850614469.96,21319685.0
Romania,2006,12094.180809,145677515540.567,21193760.0
Romania,2007,12106.997855,156215546940.466,20882982.0
Romania,2008,13725.099636,170755257687.594,20537875.0
Romania,2009,13941.74999,161334016648.479,20367487.0
Romania,2010,12837.064968,155039995458.707,20246871.0
Romania,2011,13013.455567,162043286883.085,20147528.0
Romania,2012,14469.113228,165162609237.768,20058035.0
Romania,2013,14142.041351,165608488623.719,19983693.0
Romania,2014,14743.621179,172432676151.367,19908979.0
Romania,2015,14810.746363,177882417554.984,19815616.0
Romania,2016,15911.278851335,182965489563.723,19702267.0
Romania,2017,16960.058086747,197962267814.236,19588715.0
Romania,2018,17497.490260314,209897450635.31,19473970.0
Romania,2019,17820.755342928,217985143290.59,19371648.0
Romania,2020,16728.74554175,209968716122.827,19265250.0
Romania,2021,18206.133490881,220677389818.034,19119880.0
Slovakia,1970,4265.83008,,4538223.0
Slovakia,1971,4265.83008,,4557449.0
Slovakia,1972,4457.7819,,4596622.0
Slovakia,1973,4917.72744,,4641445.0
Slovakia,1974,4853.439,,4689623.0
Slovakia,1975,4213.96686,,4739105.0
Slovakia,1976,4236.06348,,4789507.0
Slovakia,1977,4279.11498,,4840501.0
Slovakia,1978,4644.3204,,4890125.0
Slovakia,1979,4920.38712,,4938973.0
Slovakia,1980,3629.24604,,4979815.0
Slovakia,1981,3737.90232,,5016105.0
Slovakia,1982,3404.4381,,5055099.0
Slovakia,1983,2703.33702,,5091971.0
Slovakia,1984,2722.10238,,5127097.0
Slovakia,1985,2698.03116,,5161768.0
Slovakia,1986,2768.0553,,5193838.0
Slovakia,1987,2854.82988,,5222840.0
Slovakia,1988,2999.32434,,5250596.0
Slovakia,1989,2965.03092,,5275942.0
Slovakia,1990,4087.0422,,5299187.0
Slovakia,1991,3390.88446,,5303294.0
Slovakia,1992,3549.55032,35304372873.3847,5305016.0
Slovakia,1993,2937.11796,35975624843.6742,5325305.0
Slovakia,1994,3355.20756,38208103468.723,5346331.0
Slovakia,1995,3794.77584,40440791791.7082,5361999.0
Slovakia,1996,3518.6688,43117931007.4457,5373361.0
Slovakia,1997,4106.58678,45673029352.7789,5383291.0
Slovakia,1998,4174.5960000001,47534706550.7551,5390516.0
Slovakia,1999,4244.7276,47484360184.3172,5396020.0
Slovakia,2000,4062.89052,48038277837.8844,5388720.0
Slovakia,2001,4044.63564,49601339626.9648,5378867.0
Slovakia,2002,5074.72776,51838084329.0781,5376912.0
Slovakia,2003,4537.47762,54688703651.855,5373374.0
Slovakia,2004,4515.1929,57575655083.7484,5372280.0
Slovakia,2005,5061.01302,61389156292.5511,5372807.0
Slovakia,2006,5124.6432,66603045838.9495,5373054.0
Slovakia,2007,5612.95836,73817506954.537,5374622.0
Slovakia,2008,6041.44476,77932749070.0484,5379233.0
Slovakia,2009,5344.60194,73681102330.2507,5386406.0
Slovakia,2010,6216.9147,78629991379.8007,5391428.0
Slovakia,2011,6008.53482,80730554469.7187,5398384.0
Slovakia,2012,5905.86948,81795230834.9206,5407579.0
Slovakia,2013,5889.54888,82312781984.4718,5413393.0
Slovakia,2014,5754.8871,84532913950.0738,5418649.0
Slovakia,2015,5651.29494,88900883130.8374,5423801.0
Slovakia,2016,6307.7056397169,90629072613.9167,5430798.0
Slovakia,2017,7352.5601304451,93291817009.4113,5439232.0
Slovakia,2018,7321.8129196511,97051840806.3988,5446771.0
Slovakia,2019,7301.9729908689,99497249378.8261,5454147.0
Slovakia,2020,7255.2217536064,96139533846.4664,5458827.0
Slovakia,2021,7620.5853006699,99037470565.4898,5447247.0
Slovenia,1970,1910.273958,,1724891.0
Slovenia,1971,1910.273958,,1738335.0
Slovenia,1972,1853.419614,,1752233.0
Slovenia,1973,1962.228405,,1766697.0
Slovenia,1974,2225.708235,,1776132.0
Slovenia,1975,2204.876517,,1793581.0
Slovenia,1976,2267.983611,,1820249.0
Slovenia,1977,2424.058047,,1842377.0
Slovenia,1978,2676.757434,,1862548.0
Slovenia,1979,2603.550114,,1882599.0
Slovenia,1980,2412.842538,,1901315.0
Slovenia,1981,2432.680143,,1906531.0
Slovenia,1982,2214.587007,,1910334.0
Slovenia,1983,2263.223316,,1922321.0
Slovenia,1984,2123.269995,,1932154.0
Slovenia,1985,2386.744722,,1941641.0
Slovenia,1986,2983.519644,,1965964.0
Slovenia,1987,2642.544408,,1989776.0
Slovenia,1988,2946.073803,,1995196.0
Slovenia,1989,2801.391216,,1996351.0
Slovenia,1990,2590.8795,,1998161.0
Slovenia,1991,2443.55076,,1999429.0
Slovenia,1992,2507.19444,,1996498.0
Slovenia,1993,3041.58348,,1991746.0
Slovenia,1994,3402.74574,,1989443.0
Slovenia,1995,3794.4671400001,26417686104.9211,1989872.0
Slovenia,1996,4313.8251,27263846125.3402,1988628.0
Slovenia,1997,4523.23926,28640614043.0074,1985956.0
Slovenia,1998,3752.74548,29579844442.7437,1981629.0
Slovenia,1999,3546.9849600001,31157238919.3453,1983045.0
Slovenia,2000,3490.31286,32301448497.0859,1988925.0
Slovenia,2001,3648.89808,33340444076.9215,1992060.0
Slovenia,2002,3759.7707,34509226036.6508,1994530.0
Slovenia,2003,3815.3682,35530788949.9488,1995733.0
Slovenia,2004,4000.95288,37079644535.9777,1997012.0
Slovenia,2005,4270.45104,38487919291.2,2000474.0
Slovenia,2006,4508.66584,40699587892.4722,2006868.0
Slovenia,2007,5110.32638,43540484553.7887,2018122.0
Slovenia,2008,6022.7489,45068686557.3586,2021316.0
Slovenia,2009,5046.53728,41666704789.2015,2039669.0
Slovenia,2010,5180.36738,42226600498.2234,2048583.0
Slovenia,2011,5532.3294,42590309918.8992,2052843.0
Slovenia,2012,5551.86644,41466164772.2726,2057159.0
Slovenia,2013,5253.15305,41039360682.0457,2059953.0
Slovenia,2014,5260.13778,42175395368.8082,2061980.0
Slovenia,2015,5234.76994,43107506024.3254,2063531.0
Slovenia,2016,5612.1979609973,44483434040.7344,2065042.0
Slovenia,2017,5740.5465269856,46625480708.1199,2066388.0
Slovenia,2018,5716.5540968708,48702350150.2586,2073894.0
Slovenia,2019,5508.0558697499,50383106847.7508,2088385.0
Slovenia,2020,4613.1549937471,48205866431.4746,2102419.0
Slovenia,2021,4895.3861522119,52164080297.0887,2108079.0
Spain,1970,15242.57298,386704096414.729,33814531.0
Spain,1971,17120.3292,404683801625.874,34224490.0
Spain,1972,19241.77968,437664502790.704,34604469.0
Spain,1973,21655.42816,471751850974.362,34988947.0
Spain,1974,20163.79682,498258576598.269,35373335.0
Spain,1975,23806.39402,500960150616.396,35757900.0
Spain,1976,28792.45502,517510829852.726,36137812.0
Spain,1977,30863.0586,532200759443.856,36511638.0
Spain,1978,33182.2927,539986873776.567,36864898.0
Spain,1979,31778.95978,540211219502.078,37191330.0
Spain,1980,31261.03846,552143016545.967,37491165.0
Spain,1981,31752.969,551411601239.184,37758631.0
Spain,1982,33288.82936,558284735137.638,37986012.0
Spain,1983,33560.96562,568167021108.246,38171525.0
Spain,1984,34250.27344,578307026952.115,38330364.0
Spain,1985,35533.8942,591732054153.262,38469512.0
Spain,1986,37032.0776,610983001511.047,38584624.0
Spain,1987,38687.8084,644874977788.821,38684815.0
Spain,1988,47602.6976,677726999867.622,38766939.0
Spain,1989,50799.23746,710441087303.86,38827764.0
Spain,1990,53305.3583,737305660791.841,38867322.0
Spain,1991,56195.693320001,756077467226.836,38966376.0
Spain,1992,59430.4088,763103054853.539,39157685.0
Spain,1993,58666.092,755231709959.596,39361262.0
Spain,1994,60948.605,773230356774.81,39549108.0
Spain,1995,61906.9232,794552137824.609,39724050.0
Spain,1996,65669.0602,815691686929.687,39889852.0
Spain,1997,66413.02499,845892627812.5,40057389.0
Spain,1998,72925.750389999,883053543058.203,40223509.0
Spain,1999,76913.53977,922707533769.14,40386875.0
Spain,2000,79150.98171,971112252648.437,40567864.0
Spain,2001,83178.098909999,1009306124395.31,40850412.0
Spain,2002,85285.19979,1036869753137.11,41431558.0
Spain,2003,89341.25759,1067788548860.16,42187645.0
Spain,2004,92767.13371,1101132739762.11,42921895.0
Spain,2005,95601.903839999,1141347034482.81,43653155.0
Spain,2006,98785.35455,1188172916518.75,44397319.0
Spain,2007,101743.31785,1231003442635.55,45226803.0
Spain,2008,96310.627149999,1241923268505.08,45954106.0
Spain,2009,89563.58494,1195188366526.17,46362946.0
Spain,2010,86015.23048,1197135561649.22,46576897.0
Spain,2011,81345.42435,1187386271879.3,46742697.0
Spain,2012,70529.08301,1152252436684.76,46773055.0
Spain,2013,74254.417239999,1136082395816.8,46620045.0
Spain,2014,75181.23575,1151939554049.61,46480882.0
Spain,2015,77822.92429,1196156971279.69,46444832.0
Spain,2016,79890.698432762,1232493518447.66,46484062.0
Spain,2017,81213.332432225,1269169576560.16,46593236.0
Spain,2018,82024.644204669,1298163367417.97,46797754.0
Spain,2019,82824.92339091,1323918490148.05,47134837.0
Spain,2020,68075.694545662,1173978918108.98,47365655.0
Spain,2021,75311.685017243,1238777799460.16,47415750.0
Sweden,1970,11669.5514,196150229232.739,8042801.0
Sweden,1971,11763.8595,198003155009.149,8098334.0
Sweden,1972,12108.3766,202534930030.788,8122300.0
Sweden,1973,13030.66316,210571477885.03,8136312.0
Sweden,1974,13169.29158,217305965722.135,8159955.0
Sweden,1975,13640.12354,222853488541.426,8192437.0
Sweden,1976,14770.5763,225211512171.391,8222286.0
Sweden,1977,15416.11348,221616554115.969,8251540.0
Sweden,1978,15897.61156,225498274547.564,8275599.0
Sweden,1979,15719.37978,234157416129.864,8293678.0
Sweden,1980,15126.97578,238138025327.291,8310531.0
Sweden,1981,14775.91788,239221149500.055,8320503.0
Sweden,1982,14816.77502,242208219499.103,8325263.0
Sweden,1983,15044.0055,246811722726.639,8329033.0
Sweden,1984,15375.81858,257250711527.949,8336605.0
Sweden,1985,15899.64954,262808288360.312,8350386.0
Sweden,1986,16975.63858,269881308726.533,8369829.0
Sweden,1987,17397.8363,278932704065.054,8397804.0
Sweden,1988,18394.174660001,286070699812.652,8436489.0
Sweden,1989,18987.261859999,293665324567.97,8492964.0
Sweden,1990,17999.33456,295881542676.808,8558835.0
Sweden,1991,17807.36824,292490814556.963,8617375.0
Sweden,1992,18529.07482,289102037155.611,8668067.0
Sweden,1993,18284.29299,283130298151.25,8718561.0
Sweden,1994,19020.85686,294257241961.393,8780745.0
Sweden,1995,19104.35112,305836832131.49,8826939.0
Sweden,1996,18972.82476,310667391570.025,8840998.0
Sweden,1997,19124.29476,320206516443.849,8846062.0
Sweden,1998,19406.95362,334013297425.391,8850974.0
Sweden,1999,19829.24982,348199457231.41,8857874.0
Sweden,2000,19937.9799,364795858131.684,8872109.0
Sweden,2001,19856.86461,370083569053.714,8895960.0
Sweden,2002,20203.75422,378214012929.902,8924958.0
Sweden,2003,20438.09883,386950040254.662,8958229.0
Sweden,2004,20846.00853,403731506887.751,8993531.0
Sweden,2005,19807.265588,415273396287.166,9029572.0
Sweden,2006,19955.947874,434636654376.703,9080505.0
Sweden,2007,20127.158812,449584772840.507,9148092.0
Sweden,2008,19727.564386,447559127029.566,9219637.0
Sweden,2009,19278.352364,428135998219.291,9298515.0
Sweden,2010,19647.936173,453619110971.171,9378126.0
Sweden,2011,19299.616508,468113753183.843,9449213.0
Sweden,2012,18321.276772,465359818585.788,9519374.0
Sweden,2013,17802.891565,470887249502.535,9600379.0
Sweden,2014,17339.868976,483402482698.498,9696110.0
Sweden,2015,17410.609818,505103781349.757,9799186.0
Sweden,2016,16534.378252805,515562425649.407,9923085.0
Sweden,2017,16275.993041371,528801679620.708,10057698.0
Sweden,2018,15402.53649435,539113433181.757,10175214.0
Sweden,2019,15398.677472139,549821281946.735,10278887.0
Sweden,2020,13754.706999788,537888988025.757,10353442.0
Sweden,2021,13968.16478932,565187309896.877,10415811.0
Switzerland,1970,8054.85762,,6180877.0
Switzerland,1971,8963.22366,,6213399.0
Switzerland,1972,9301.89978,,6260956.0
Switzerland,1973,9688.38246,,6307347.0
Switzerland,1974,9102.92274,,6341405.0
Switzerland,1975,8728.78464,,6338632.0
Switzerland,1976,8737.60986,,6302504.0
Switzerland,1977,9215.11188,,6281174.0
Switzerland,1978,9401.82498,,6281738.0
Switzerland,1979,9396.90864,,6294365.0
Switzerland,1980,9952.25256,378450515821.263,6319408.0
Switzerland,1981,10312.70292,384510779908.155,6354074.0
Switzerland,1982,10585.97568,379475928483.878,6391309.0
Switzerland,1983,10958.193,381901081520.502,6418773.0
Switzerland,1984,11234.15462,393390408753.116,6441865.0
Switzerland,1985,11350.80326,407841982776.108,6470365.0
Switzerland,1986,11887.03262,415422268041.126,6504124.0
Switzerland,1987,12242.56664,422008696742.049,6545106.0
Switzerland,1988,12832.0562,435840438498.306,6593386.0
Switzerland,1989,13216.38968,454715790161.32,6646912.0
Switzerland,1990,13963.14812,470515127240.656,6715519.0
Switzerland,1991,14435.0499,466206071277.777,6799978.0
Switzerland,1992,14769.96492,466002185360.324,6875364.0
Switzerland,1993,13798.77574,465415099988.28,6938265.0
Switzerland,1994,14276.29108,471324743945.934,6993795.0
Switzerland,1995,13994.6889,473591186505.167,7040687.0
Switzerland,1996,14057.11256,475823127148.128,7071850.0
Switzerland,1997,14543.54726,486583035615.464,7088906.0
Switzerland,1998,14689.048,501326351582.974,7110001.0
Switzerland,1999,14555.64892,509661911268.691,7143991.0
Switzerland,2000,16176.50662,529837997852.025,7184250.0
Switzerland,2001,15913.6978,538186453673.233,7229854.0
Switzerland,2002,15824.22322,537792409245.141,7284753.0
Switzerland,2003,16012.80923,537618172697.61,7339001.0
Switzerland,2004,16166.1291,552143052382.242,7389625.0
Switzerland,2005,16288.975919,567325324289.261,7437115.0
Switzerland,2006,16406.219898,590436050103.238,7483934.0
Switzerland,2007,16670.712746,613559744788.948,7551117.0
Switzerland,2008,17069.936978,630788401993.241,7647675.0
Switzerland,2009,16904.677372,616296829272.353,7743831.0
Switzerland,2010,16819.161148,636285784211.754,7824909.0
Switzerland,2011,16642.33423,647822333890.064,7912398.0
Switzerland,2012,16748.030212,655461803595.119,7996861.0
Switzerland,2013,16697.161646,667208623354.645,8089346.0
Switzerland,2014,16565.870939,682887233860.616,8188649.0
Switzerland,2015,15849.392954,694118186379.628,8282396.0
Switzerland,2016,15698.266111443,708477337578.722,8373338.0
Switzerland,2017,15445.691821241,718132463597.499,8451840.0
Switzerland,2018,15454.619362692,738674253452.249,8514329.0
Switzerland,2019,15392.797823833,747109782866.389,8575280.0
Switzerland,2020,12844.464883433,729361717205.744,8638167.0
Switzerland,2021,12903.577606412,760153301723.961,8703405.0
United Kingdom,1970,59299.1451,1099494179036.87,55663250.0
United Kingdom,1971,61998.66756,1138028343295.67,55896223.0
United Kingdom,1972,65064.32244,1187210145074.44,56086065.0
United Kingdom,1973,69474.19068,1264661936633.32,56194527.0
United Kingdom,1974,67681.46268,1233242624053.89,56229974.0
United Kingdom,1975,66258.50724,1215068950286.53,56225800.0
United Kingdom,1976,69125.80284,1250430691746.86,56211968.0
United Kingdom,1977,70888.61646,1281163158240.77,56193492.0
United Kingdom,1978,74492.0991,1335026594984.01,56196504.0
United Kingdom,1979,76094.19162,1385076962841.54,56246951.0
United Kingdom,1980,76856.02164,1356940956112.01,56314216.0
United Kingdom,1981,74591.23194,1346251737065.8,56333829.0
United Kingdom,1982,76778.77086,1373107994676.35,56313641.0
United Kingdom,1983,79178.27598,1431078641822.13,56332848.0
United Kingdom,1984,82996.3575,1463551322001.21,56422072.0
United Kingdom,1985,84644.05356,1524250868906.43,56550268.0
United Kingdom,1986,90296.61156,1572269961561.86,56681396.0
United Kingdom,1987,94377.20634,1657058366319.62,56802050.0
United Kingdom,1988,100468.755,1752047807086.21,56928327.0
United Kingdom,1989,104888.14668,1797208638459.24,57076711.0
United Kingdom,1990,107756.89272,1810395755745.72,57247586.0
United Kingdom,1991,107002.15524,1790424889823.09,57424897.0
United Kingdom,1992,108454.90392,1797605961499.99,57580402.0
United Kingdom,1993,109734.81516,1842363311360.28,57718614.0
United Kingdom,1994,110421.1395,1913220774275.94,57865745.0
United Kingdom,1995,109418.26122,1961657209971.38,58019030.0
United Kingdom,1996,113674.9437,1999081845521.52,58166950.0
United Kingdom,1997,115130.74376,2086373375047.13,58316954.0
United Kingdom,1998,114431.83438,2152246177454.06,58487141.0
United Kingdom,1999,117879.47648,2217116394065.01,58682466.0
United Kingdom,2000,116066.64226,2307855285267.75,58892514.0
United Kingdom,2001,115808.78528,2357645605496.07,59119673.0
United Kingdom,2002,117127.00436,2399393975746.24,59370479.0
United Kingdom,2003,116946.59792,2474328328787.79,59647577.0
United Kingdom,2004,118178.10724,2532350622459.43,59987905.0
United Kingdom,2005,118760.83536,2599922287719.73,60401206.0
United Kingdom,2006,119202.15636,2656091147154.86,60846820.0
United Kingdom,2007,120470.03714,2724178993507.05,61322463.0
United Kingdom,2008,115482.76226,2719974378108.14,61806995.0
United Kingdom,2009,111401.32706,2597290325456.68,62276270.0
United Kingdom,2010,110289.0256,2660406373660.76,62766365.0
United Kingdom,2011,108914.53886,2688809162463.69,63258810.0
United Kingdom,2012,108602.05008,2727755400457.14,63700215.0
United Kingdom,2013,107826.41236,2777396821941.01,64128273.0
United Kingdom,2014,109417.1335,2866265260991.21,64602298.0
United Kingdom,2015,111752.39656,2934857946213.47,65116219.0
United Kingdom,2016,114454.78728966,2998403672734.88,65611593.0
United Kingdom,2017,114792.19102473,3071671779449.63,66058859.0
United Kingdom,2018,113296.30313641,3124044429026.19,66460344.0
United Kingdom,2019,111032.9234496,3174163743964.48,66836327.0
United Kingdom,2020,85276.81806076,2824026234231.55,67081000.0
United Kingdom,2021,90455.575627483,3036531677286.59,67326569.0
